14:47:00 - ProfessionalComplexFixed - INFO - ✅ 账户连接成功: 70724849 | 余额: 296810.20 | 服务器: PlotioGlobalFinancial-Demo
14:47:00 - ProfessionalComplexFixed - INFO - 🔍 开始寻找有效交易品种...
14:47:00 - ProfessionalComplexFixed - INFO - 🔍 开始寻找有效交易品种...
14:47:00 - ProfessionalComplexFixed - INFO - 🧪 测试品种: XAUUSD
14:47:00 - ProfessionalComplexFixed - WARNING -   品种不存在: XAUUSD
14:47:00 - ProfessionalComplexFixed - INFO - 🧪 测试品种: Gold
14:47:00 - ProfessionalComplexFixed - ERROR - 测试数据质量异常: The truth value of an empty array is ambiguous. Use `array.size > 0` to check that an array is not empty.
14:47:00 - ProfessionalComplexFixed - INFO - 🧪 测试品种: GOLD
14:47:00 - ProfessionalComplexFixed - WARNING -   品种不存在: GOLD
14:47:00 - ProfessionalComplexFixed - INFO - 🧪 测试品种: XAUUSD.a
14:47:00 - ProfessionalComplexFixed - WARNING -   品种不存在: XAUUSD.a
14:47:00 - ProfessionalComplexFixed - INFO - 🧪 测试品种: Gold Spot
14:47:00 - ProfessionalComplexFixed - WARNING -   品种不存在: Gold Spot
14:47:00 - ProfessionalComplexFixed - INFO - 🧪 测试品种: XAUUSD.m
14:47:00 - ProfessionalComplexFixed - WARNING -   品种不存在: XAUUSD.m
14:47:00 - ProfessionalComplexFixed - INFO - 🧪 测试品种: Gold-Micro
14:47:00 - ProfessionalComplexFixed - WARNING -   品种不存在: Gold-Micro
14:47:00 - ProfessionalComplexFixed - INFO - 🧪 测试品种: Gold
14:47:00 - ProfessionalComplexFixed - ERROR - 测试数据质量异常: The truth value of an empty array is ambiguous. Use `array.size > 0` to check that an array is not empty.
14:47:00 - ProfessionalComplexFixed - ERROR - ❌ 未找到有效交易品种
14:47:00 - ProfessionalComplexFixed - ERROR - ❌ 未找到有效交易品种
14:47:00 - ProfessionalComplexFixed - INFO - 🛑 关闭MT5连接...
14:47:00 - ProfessionalComplexFixed - INFO - ✅ 程序已退出
15:38:14 - ProfessionalComplexFixed - INFO - ✅ 账户连接成功: 70724849 | 余额: 296810.20 | 服务器: PlotioGlobalFinancial-Demo
15:38:14 - ProfessionalComplexFixed - INFO - 🔍 开始寻找有效交易品种...
15:38:14 - ProfessionalComplexFixed - INFO - 🔍 开始寻找有效交易品种...
15:38:14 - ProfessionalComplexFixed - INFO - 🧪 测试品种: Gold
15:38:14 - ProfessionalComplexFixed - ERROR - 测试数据质量异常: 'numpy.void' object has no attribute 'ask'
15:38:14 - ProfessionalComplexFixed - INFO - 🧪 测试品种: GOLD
15:38:14 - ProfessionalComplexFixed - WARNING -   品种不存在: GOLD
15:38:14 - ProfessionalComplexFixed - INFO - 🧪 测试品种: XAUUSD
15:38:14 - ProfessionalComplexFixed - WARNING -   品种不存在: XAUUSD
15:38:14 - ProfessionalComplexFixed - INFO - 🧪 测试品种: Gold Spot
15:38:14 - ProfessionalComplexFixed - WARNING -   品种不存在: Gold Spot
15:38:14 - ProfessionalComplexFixed - INFO - 🧪 测试品种: Gold
15:38:14 - ProfessionalComplexFixed - ERROR - 测试数据质量异常: 'numpy.void' object has no attribute 'ask'
15:38:14 - ProfessionalComplexFixed - ERROR - ❌ 未找到有效交易品种
15:38:14 - ProfessionalComplexFixed - ERROR - ❌ 未找到有效交易品种
15:38:14 - ProfessionalComplexFixed - INFO - 🛑 关闭MT5连接...
15:38:14 - ProfessionalComplexFixed - INFO - ✅ 程序已退出
16:12:37 - ProfessionalComplexFixed - INFO - ✅ 账户连接成功: 70724849 | 余额: 296810.20 | 服务器: PlotioGlobalFinancial-Demo
16:12:37 - ProfessionalComplexFixed - INFO - 🔍 开始寻找有效交易品种...
16:12:37 - ProfessionalComplexFixed - INFO - 🔍 开始寻找有效交易品种...
16:12:37 - ProfessionalComplexFixed - INFO - 🧪 测试品种: Gold
16:12:37 - ProfessionalComplexFixed - WARNING -   有效Tick不足: 0
16:12:37 - ProfessionalComplexFixed - INFO - 🧪 测试品种: GOLD
16:12:37 - ProfessionalComplexFixed - WARNING -   品种不存在: GOLD
16:12:37 - ProfessionalComplexFixed - INFO - 🧪 测试品种: XAUUSD
16:12:37 - ProfessionalComplexFixed - WARNING -   品种不存在: XAUUSD
16:12:37 - ProfessionalComplexFixed - INFO - 🧪 测试品种: Gold Spot
16:12:37 - ProfessionalComplexFixed - WARNING -   品种不存在: Gold Spot
16:12:37 - ProfessionalComplexFixed - INFO - 🧪 测试品种: Gold
16:12:37 - ProfessionalComplexFixed - WARNING -   有效Tick不足: 0
16:12:37 - ProfessionalComplexFixed - ERROR - ❌ 未找到有效交易品种
16:12:37 - ProfessionalComplexFixed - ERROR - ❌ 未找到有效交易品种
16:12:37 - ProfessionalComplexFixed - INFO - 🛑 关闭MT5连接...
16:12:37 - ProfessionalComplexFixed - INFO - ✅ 程序已退出
17:23:25 - ProfessionalComplexFixed - INFO - ✅ 账户连接成功: 70724849 | 余额: 296810.20 | 服务器: PlotioGlobalFinancial-Demo
17:23:25 - ProfessionalComplexFixed - INFO - 🔍 开始寻找有效交易品种...
17:23:25 - ProfessionalComplexFixed - INFO - 🔍 开始寻找有效交易品种...
17:23:25 - ProfessionalComplexFixed - INFO - 🧪 测试品种: Gold
17:23:25 - ProfessionalComplexFixed - INFO -   Tick分析: 总计1879个, 有效0个, 无效价格0个, 点差过大1879个
17:23:25 - ProfessionalComplexFixed - WARNING -   历史Tick数据不足: 0个有效Tick
17:23:25 - ProfessionalComplexFixed - INFO -   尝试使用实时Tick数据验证...
17:23:25 - ProfessionalComplexFixed - INFO -   测试实时Tick数据...
17:23:26 - ProfessionalComplexFixed - WARNING -   实时Tick验证失败: 仅0个有效样本
17:23:26 - ProfessionalComplexFixed - INFO - 🧪 测试品种: GOLD
17:23:26 - ProfessionalComplexFixed - WARNING -   品种不存在: GOLD
17:23:26 - ProfessionalComplexFixed - INFO - 🧪 测试品种: XAUUSD
17:23:26 - ProfessionalComplexFixed - WARNING -   品种不存在: XAUUSD
17:23:26 - ProfessionalComplexFixed - INFO - 🧪 测试品种: Gold Spot
17:23:26 - ProfessionalComplexFixed - WARNING -   品种不存在: Gold Spot
17:23:26 - ProfessionalComplexFixed - INFO - 🧪 测试品种: Gold
17:23:26 - ProfessionalComplexFixed - INFO -   Tick分析: 总计1880个, 有效0个, 无效价格0个, 点差过大1880个
17:23:26 - ProfessionalComplexFixed - WARNING -   历史Tick数据不足: 0个有效Tick
17:23:26 - ProfessionalComplexFixed - INFO -   尝试使用实时Tick数据验证...
17:23:26 - ProfessionalComplexFixed - INFO -   测试实时Tick数据...
17:23:28 - ProfessionalComplexFixed - WARNING -   实时Tick验证失败: 仅0个有效样本
17:23:28 - ProfessionalComplexFixed - ERROR - ❌ 未找到有效交易品种
17:23:28 - ProfessionalComplexFixed - ERROR - ❌ 未找到有效交易品种
17:23:28 - ProfessionalComplexFixed - INFO - 🛑 关闭MT5连接...
17:23:28 - ProfessionalComplexFixed - INFO - ✅ 程序已退出
17:57:53 - ProfessionalComplexFixed - INFO - ✅ 账户连接成功: 70724849 | 余额: 296810.20 | 服务器: PlotioGlobalFinancial-Demo
17:57:53 - ProfessionalComplexFixed - INFO - 🔍 开始寻找有效交易品种...
17:57:53 - ProfessionalComplexFixed - INFO - 🔍 开始寻找有效交易品种...
17:57:53 - ProfessionalComplexFixed - INFO - 🧪 测试品种: Gold
17:57:53 - ProfessionalComplexFixed - INFO -   Tick分析: 总计1949个, 有效1949个, 无效价格0个
17:57:53 - ProfessionalComplexFixed - INFO -   点差统计: 最小5000.0点, 最大5000.0点, 平均5000.0点, 中位数5000.0点
17:57:53 - ProfessionalComplexFixed - INFO -   数据质量: 1949个有效Tick, 平均点差: 5000.0, 最大点差: 5000.0
17:57:53 - ProfessionalComplexFixed - INFO - ✅ 找到有效品种: Gold
17:57:53 - ProfessionalComplexFixed - INFO - 📊 品种信息:
17:57:53 - ProfessionalComplexFixed - INFO -    名称: Gold
17:57:53 - ProfessionalComplexFixed - INFO -    当前价格: 4078.74 / 4079.24
17:57:53 - ProfessionalComplexFixed - INFO -    点差: 5000.0点
17:57:53 - ProfessionalComplexFixed - INFO -    精度: 2位
17:57:53 - ProfessionalComplexFixed - INFO - 🚀 初始化策略组件...
17:57:53 - ProfessionalComplexFixed - INFO - ============================================================
17:57:53 - ProfessionalComplexFixed - INFO - ✅ 所有组件初始化完成
17:57:53 - ProfessionalComplexFixed - INFO - 📈 开始运行策略...
17:57:53 - ProfessionalComplexFixed - INFO - 💡 按 Ctrl+C 停止策略
17:57:53 - ProfessionalComplexFixed - INFO - ============================================================
17:57:53 - ProfessionalComplexFixed - INFO - 🚀 启动策略主循环...
17:57:53 - ProfessionalComplexFixed - INFO - 📊 数据收集阶段...
17:57:55 - ProfessionalComplexFixed - INFO - ✅ 数据引擎初始化完成 - 有效Tick: 30
17:57:55 - ProfessionalComplexFixed - INFO - === 数据引擎初始化状态 ===
17:57:55 - ProfessionalComplexFixed - INFO - 品种: Gold
17:57:55 - ProfessionalComplexFixed - INFO - 缓冲区大小: 30
17:57:55 - ProfessionalComplexFixed - INFO - 数据质量: 30/30 (100.0%)
17:57:55 - ProfessionalComplexFixed - INFO - 平均点差: 5000.0点
17:57:55 - ProfessionalComplexFixed - INFO - Tick频率: 18.7Hz
17:57:55 - ProfessionalComplexFixed - INFO - =========================
17:58:23 - ProfessionalComplexFixed - INFO - ✅ 数据收集完成，开始交易循环...
17:58:23 - ProfessionalComplexFixed - INFO - 🔄 市场状态变更: UNCERTAIN -> RANGING (置信度: 0.88)
17:58:27 - ProfessionalComplexFixed - INFO - 🔄 市场状态变更: RANGING -> TRENDING (置信度: 0.91)
17:58:29 - ProfessionalComplexFixed - INFO - 🔄 市场状态变更: TRENDING -> RANGING (置信度: 0.86)
17:58:30 - ProfessionalComplexFixed - INFO - 🔄 市场状态变更: RANGING -> TRENDING (置信度: 0.91)
17:58:32 - ProfessionalComplexFixed - INFO - 📈 生成信号: BUY 强度: 0.68 价格: 4078.26
17:58:32 - ProfessionalComplexFixed - ERROR - 开仓失败: 10030 - Unsupported filling mode
17:58:38 - ProfessionalComplexFixed - INFO - 📈 生成信号: SELL 强度: 0.68 价格: 4078.51
17:58:38 - ProfessionalComplexFixed - ERROR - 开仓失败: 10030 - Unsupported filling mode
17:58:48 - ProfessionalComplexFixed - INFO - 📈 生成信号: BUY 强度: 0.68 价格: 4078.13
17:58:48 - ProfessionalComplexFixed - ERROR - 开仓失败: 10030 - Unsupported filling mode
17:59:00 - ProfessionalComplexFixed - INFO - ⚠️ 收到中断信号，停止策略...
17:59:00 - ProfessionalComplexFixed - INFO - 🛑 停止策略...
17:59:00 - ProfessionalComplexFixed - INFO - 当前持仓数: 0
17:59:00 - ProfessionalComplexFixed - INFO - 今日交易数: 0
17:59:00 - ProfessionalComplexFixed - INFO - 🛑 关闭MT5连接...
17:59:00 - ProfessionalComplexFixed - INFO - ✅ 程序已退出
18:03:10 - ProfessionalComplexFixed - INFO - ✅ 账户连接成功: 70724849 | 余额: 296810.20 | 服务器: PlotioGlobalFinancial-Demo
18:03:10 - ProfessionalComplexFixed - INFO - 🔍 开始寻找有效交易品种...
18:03:10 - ProfessionalComplexFixed - INFO - 🔍 开始寻找有效交易品种...
18:03:10 - ProfessionalComplexFixed - INFO - 🧪 测试品种: Gold
18:03:10 - ProfessionalComplexFixed - INFO -   Tick分析: 总计1874个, 有效1874个, 无效价格0个
18:03:10 - ProfessionalComplexFixed - INFO -   点差统计: 最小5000.0点, 最大5000.0点, 平均5000.0点, 中位数5000.0点
18:03:10 - ProfessionalComplexFixed - INFO -   数据质量: 1874个有效Tick, 平均点差: 5000.0, 最大点差: 5000.0
18:03:10 - ProfessionalComplexFixed - INFO - ✅ 找到有效品种: Gold
18:03:10 - ProfessionalComplexFixed - INFO - 📊 品种信息:
18:03:10 - ProfessionalComplexFixed - INFO -    名称: Gold
18:03:10 - ProfessionalComplexFixed - INFO -    当前价格: 4079.02 / 4079.52
18:03:10 - ProfessionalComplexFixed - INFO -    点差: 5000.0点
18:03:10 - ProfessionalComplexFixed - INFO -    精度: 2位
18:03:10 - ProfessionalComplexFixed - INFO - 🚀 初始化策略组件...
18:03:10 - ProfessionalComplexFixed - INFO - ============================================================
18:03:10 - ProfessionalComplexFixed - INFO - ✅ 所有组件初始化完成
18:03:10 - ProfessionalComplexFixed - INFO - 📈 开始运行策略...
18:03:10 - ProfessionalComplexFixed - INFO - 💡 按 Ctrl+C 停止策略
18:03:10 - ProfessionalComplexFixed - INFO - ============================================================
18:03:10 - ProfessionalComplexFixed - INFO - 🚀 启动策略主循环...
18:03:10 - ProfessionalComplexFixed - INFO - 📊 数据收集阶段...
18:03:12 - ProfessionalComplexFixed - INFO - ✅ 数据引擎初始化完成 - 有效Tick: 30
18:03:12 - ProfessionalComplexFixed - INFO - === 数据引擎初始化状态 ===
18:03:12 - ProfessionalComplexFixed - INFO - 品种: Gold
18:03:12 - ProfessionalComplexFixed - INFO - 缓冲区大小: 30
18:03:12 - ProfessionalComplexFixed - INFO - 数据质量: 30/30 (100.0%)
18:03:12 - ProfessionalComplexFixed - INFO - 平均点差: 5000.0点
18:03:12 - ProfessionalComplexFixed - INFO - Tick频率: 18.4Hz
18:03:12 - ProfessionalComplexFixed - INFO - =========================
18:03:40 - ProfessionalComplexFixed - INFO - ✅ 数据收集完成，开始交易循环...
18:03:40 - ProfessionalComplexFixed - INFO - 🔄 市场状态变更: UNCERTAIN -> RANGING (置信度: 0.81)
18:03:42 - ProfessionalComplexFixed - INFO - 🔄 市场状态变更: RANGING -> TRENDING (置信度: 0.80)
18:03:42 - ProfessionalComplexFixed - INFO - 📈 生成信号: SELL 强度: 0.68 价格: 4080.11
18:03:42 - ProfessionalComplexFixed - WARNING - 获取填充模式异常: module 'MetaTrader5' has no attribute 'SYMBOL_FILLING_RETURN'，使用默认RETURN模式
18:03:42 - ProfessionalComplexFixed - ERROR - 开仓失败: 10030 - Unsupported filling mode
18:03:42 - ProfessionalComplexFixed - INFO -   尝试使用其他填充模式...
18:03:42 - ProfessionalComplexFixed - WARNING - 获取替代填充模式异常: module 'MetaTrader5' has no attribute 'SYMBOL_FILLING_IOC'
18:03:42 - ProfessionalComplexFixed - ERROR -   替代填充模式也失败: 10030 - Unsupported filling mode
18:03:46 - ProfessionalComplexFixed - INFO - 📈 生成信号: SELL 强度: 0.68 价格: 4080.71
18:03:46 - ProfessionalComplexFixed - WARNING - 获取填充模式异常: module 'MetaTrader5' has no attribute 'SYMBOL_FILLING_RETURN'，使用默认RETURN模式
18:03:46 - ProfessionalComplexFixed - ERROR - 开仓失败: 10030 - Unsupported filling mode
18:03:46 - ProfessionalComplexFixed - INFO -   尝试使用其他填充模式...
18:03:46 - ProfessionalComplexFixed - WARNING - 获取替代填充模式异常: module 'MetaTrader5' has no attribute 'SYMBOL_FILLING_IOC'
18:03:46 - ProfessionalComplexFixed - ERROR -   替代填充模式也失败: 10030 - Unsupported filling mode
18:03:49 - ProfessionalComplexFixed - INFO - 📈 生成信号: SELL 强度: 0.68 价格: 4080.56
18:03:50 - ProfessionalComplexFixed - WARNING - 获取填充模式异常: module 'MetaTrader5' has no attribute 'SYMBOL_FILLING_RETURN'，使用默认RETURN模式
18:03:50 - ProfessionalComplexFixed - ERROR - 开仓失败: 10030 - Unsupported filling mode
18:03:50 - ProfessionalComplexFixed - INFO -   尝试使用其他填充模式...
18:03:50 - ProfessionalComplexFixed - WARNING - 获取替代填充模式异常: module 'MetaTrader5' has no attribute 'SYMBOL_FILLING_IOC'
18:03:50 - ProfessionalComplexFixed - ERROR -   替代填充模式也失败: 10030 - Unsupported filling mode
18:03:53 - ProfessionalComplexFixed - INFO - 📈 生成信号: SELL 强度: 0.68 价格: 4080.54
18:03:53 - ProfessionalComplexFixed - WARNING - 获取填充模式异常: module 'MetaTrader5' has no attribute 'SYMBOL_FILLING_RETURN'，使用默认RETURN模式
18:03:53 - ProfessionalComplexFixed - ERROR - 开仓失败: 10030 - Unsupported filling mode
18:03:53 - ProfessionalComplexFixed - INFO -   尝试使用其他填充模式...
18:03:53 - ProfessionalComplexFixed - WARNING - 获取替代填充模式异常: module 'MetaTrader5' has no attribute 'SYMBOL_FILLING_IOC'
18:03:53 - ProfessionalComplexFixed - ERROR -   替代填充模式也失败: 10030 - Unsupported filling mode
18:03:56 - ProfessionalComplexFixed - INFO - 🔄 市场状态变更: TRENDING -> RANGING (置信度: 0.99)
18:03:57 - ProfessionalComplexFixed - INFO - ⚠️ 收到中断信号，停止策略...
18:03:57 - ProfessionalComplexFixed - INFO - 🛑 停止策略...
18:03:57 - ProfessionalComplexFixed - INFO - 当前持仓数: 0
18:03:57 - ProfessionalComplexFixed - INFO - 今日交易数: 0
18:03:57 - ProfessionalComplexFixed - INFO - 🛑 关闭MT5连接...
18:03:57 - ProfessionalComplexFixed - INFO - ✅ 程序已退出
18:30:30 - ProfessionalComplexFixed - INFO - ✅ 账户连接成功: 70724849 | 余额: 296810.20 | 服务器: PlotioGlobalFinancial-Demo
18:30:30 - ProfessionalComplexFixed - INFO - 🔍 开始寻找有效交易品种...
18:30:30 - ProfessionalComplexFixed - INFO - 🔍 开始寻找有效交易品种...
18:30:30 - ProfessionalComplexFixed - INFO - 🧪 测试品种: Gold
18:30:30 - ProfessionalComplexFixed - INFO -   Tick分析: 总计1252个, 有效1252个, 无效价格0个
18:30:30 - ProfessionalComplexFixed - INFO -   点差统计: 最小5000.0点, 最大5000.0点, 平均5000.0点, 中位数5000.0点
18:30:30 - ProfessionalComplexFixed - INFO -   数据质量: 1252个有效Tick, 平均点差: 5000.0, 最大点差: 5000.0
18:30:30 - ProfessionalComplexFixed - INFO - ✅ 找到有效品种: Gold
18:30:30 - ProfessionalComplexFixed - INFO - 📊 品种信息:
18:30:30 - ProfessionalComplexFixed - INFO -    名称: Gold
18:30:30 - ProfessionalComplexFixed - INFO -    当前价格: 4078.95 / 4079.45
18:30:30 - ProfessionalComplexFixed - INFO -    点差: 5000.0点
18:30:30 - ProfessionalComplexFixed - INFO -    精度: 2位
18:30:30 - ProfessionalComplexFixed - INFO - 🚀 初始化策略组件...
18:30:30 - ProfessionalComplexFixed - INFO - ============================================================
18:30:30 - ProfessionalComplexFixed - INFO - ✅ 所有组件初始化完成
18:30:30 - ProfessionalComplexFixed - INFO - 📈 开始运行策略...
18:30:30 - ProfessionalComplexFixed - INFO - 💡 按 Ctrl+C 停止策略
18:30:30 - ProfessionalComplexFixed - INFO - ============================================================
18:30:30 - ProfessionalComplexFixed - INFO - 🚀 启动策略主循环...
18:30:30 - ProfessionalComplexFixed - INFO - 📊 数据收集阶段...
18:30:32 - ProfessionalComplexFixed - INFO - ✅ 数据引擎初始化完成 - 有效Tick: 30
18:30:32 - ProfessionalComplexFixed - INFO - === 数据引擎初始化状态 ===
18:30:32 - ProfessionalComplexFixed - INFO - 品种: Gold
18:30:32 - ProfessionalComplexFixed - INFO - 缓冲区大小: 30
18:30:32 - ProfessionalComplexFixed - INFO - 数据质量: 30/30 (100.0%)
18:30:32 - ProfessionalComplexFixed - INFO - 平均点差: 5000.0点
18:30:32 - ProfessionalComplexFixed - INFO - Tick频率: 18.5Hz
18:30:32 - ProfessionalComplexFixed - INFO - =========================
18:31:00 - ProfessionalComplexFixed - INFO - ✅ 数据收集完成，开始交易循环...
18:31:00 - ProfessionalComplexFixed - INFO - 🔄 市场状态变更: UNCERTAIN -> TRENDING (置信度: 0.91)
18:31:06 - ProfessionalComplexFixed - INFO - 📈 生成信号: SELL 强度: 0.68 价格: 4078.50
18:31:06 - ProfessionalComplexFixed - ERROR - 开仓异常: 'NoneType' object has no attribute 'retcode'
18:31:10 - ProfessionalComplexFixed - INFO - 📈 生成信号: SELL 强度: 0.68 价格: 4078.67
18:31:10 - ProfessionalComplexFixed - ERROR - 开仓异常: 'NoneType' object has no attribute 'retcode'
18:31:13 - ProfessionalComplexFixed - INFO - ⚠️ 收到中断信号，停止策略...
18:31:13 - ProfessionalComplexFixed - INFO - 🛑 停止策略...
18:31:13 - ProfessionalComplexFixed - INFO - 当前持仓数: 0
18:31:13 - ProfessionalComplexFixed - INFO - 今日交易数: 0
18:31:13 - ProfessionalComplexFixed - INFO - 🛑 关闭MT5连接...
18:31:13 - ProfessionalComplexFixed - INFO - ✅ 程序已退出
18:53:08 - ProfessionalComplexFixed - INFO - ✅ 账户连接成功: 70724849 | 余额: 296810.20 | 服务器: PlotioGlobalFinancial-Demo
18:53:08 - ProfessionalComplexFixed - INFO - 🔍 开始寻找有效交易品种...
18:53:08 - ProfessionalComplexFixed - INFO - 🔍 开始寻找有效交易品种...
18:53:08 - ProfessionalComplexFixed - INFO - 🧪 测试品种: Gold
18:53:08 - ProfessionalComplexFixed - INFO -   Tick分析: 总计982个, 有效982个, 无效价格0个
18:53:08 - ProfessionalComplexFixed - INFO -   点差统计: 最小5000.0点, 最大5000.0点, 平均5000.0点, 中位数5000.0点
18:53:08 - ProfessionalComplexFixed - INFO -   数据质量: 982个有效Tick, 平均点差: 5000.0, 最大点差: 5000.0
18:53:08 - ProfessionalComplexFixed - INFO - ✅ 找到有效品种: Gold
18:53:08 - ProfessionalComplexFixed - INFO - 📊 品种信息:
18:53:08 - ProfessionalComplexFixed - INFO -    名称: Gold
18:53:08 - ProfessionalComplexFixed - INFO -    当前价格: 4078.61 / 4079.11
18:53:08 - ProfessionalComplexFixed - INFO -    点差: 5000.0点
18:53:08 - ProfessionalComplexFixed - INFO -    精度: 2位
18:53:08 - ProfessionalComplexFixed - INFO - 🚀 初始化策略组件...
18:53:08 - ProfessionalComplexFixed - INFO - ============================================================
18:53:08 - ProfessionalComplexFixed - INFO - ✅ 所有组件初始化完成
18:53:08 - ProfessionalComplexFixed - INFO - 📈 开始运行策略...
18:53:08 - ProfessionalComplexFixed - INFO - 💡 按 Ctrl+C 停止策略
18:53:08 - ProfessionalComplexFixed - INFO - ============================================================
18:53:08 - ProfessionalComplexFixed - INFO - 🚀 启动策略主循环...
18:53:08 - ProfessionalComplexFixed - INFO - 📊 数据收集阶段...
18:53:09 - ProfessionalComplexFixed - INFO - ✅ 数据引擎初始化完成 - 有效Tick: 30
18:53:09 - ProfessionalComplexFixed - INFO - === 数据引擎初始化状态 ===
18:53:09 - ProfessionalComplexFixed - INFO - 品种: Gold
18:53:09 - ProfessionalComplexFixed - INFO - 缓冲区大小: 30
18:53:09 - ProfessionalComplexFixed - INFO - 数据质量: 30/30 (100.0%)
18:53:09 - ProfessionalComplexFixed - INFO - 平均点差: 5000.0点
18:53:09 - ProfessionalComplexFixed - INFO - Tick频率: 18.7Hz
18:53:09 - ProfessionalComplexFixed - INFO - =========================
18:53:38 - ProfessionalComplexFixed - INFO - ✅ 数据收集完成，开始交易循环...
18:53:38 - ProfessionalComplexFixed - INFO - 🔄 市场状态变更: UNCERTAIN -> TRENDING (置信度: 0.91)
18:53:41 - ProfessionalComplexFixed - INFO - 🔄 市场状态变更: TRENDING -> RANGING (置信度: 0.78)
18:53:42 - ProfessionalComplexFixed - INFO - 🔄 市场状态变更: RANGING -> TRENDING (置信度: 0.91)
18:53:43 - ProfessionalComplexFixed - INFO - 🔄 市场状态变更: TRENDING -> RANGING (置信度: 0.79)
18:53:45 - ProfessionalComplexFixed - INFO - 🔄 市场状态变更: RANGING -> TRENDING (置信度: 0.80)
18:53:46 - ProfessionalComplexFixed - INFO - 📈 生成信号: SELL 强度: 0.68 价格: 4078.45
18:53:46 - ProfessionalComplexFixed - ERROR - 开仓失败: order_send返回None，错误代码: -2 - Invalid "sl" argument
18:53:49 - ProfessionalComplexFixed - INFO - 🔄 市场状态变更: TRENDING -> RANGING (置信度: 0.83)
18:54:15 - ProfessionalComplexFixed - INFO - ⚠️ 收到中断信号，停止策略...
18:54:15 - ProfessionalComplexFixed - INFO - 🛑 停止策略...
18:54:15 - ProfessionalComplexFixed - INFO - 当前持仓数: 0
18:54:15 - ProfessionalComplexFixed - INFO - 今日交易数: 0
18:54:15 - ProfessionalComplexFixed - INFO - 🛑 关闭MT5连接...
18:54:15 - ProfessionalComplexFixed - INFO - ✅ 程序已退出
10:39:57 - ProfessionalComplexFixed - INFO - ✅ 账户连接成功: 70724849 | 余额: 296810.20 | 服务器: PlotioGlobalFinancial-Demo
10:39:57 - ProfessionalComplexFixed - INFO - 🔍 开始寻找有效交易品种...
10:39:57 - ProfessionalComplexFixed - INFO - 🔍 开始寻找有效交易品种...
10:39:57 - ProfessionalComplexFixed - INFO - 🧪 测试品种: Gold
10:39:58 - ProfessionalComplexFixed - INFO -   Tick分析: 总计1310个, 有效1310个, 无效价格0个
10:39:58 - ProfessionalComplexFixed - INFO -   点差统计: 最小5000.0点, 最大5000.0点, 平均5000.0点, 中位数5000.0点
10:39:58 - ProfessionalComplexFixed - INFO -   数据质量: 1310个有效Tick, 平均点差: 5000.0, 最大点差: 5000.0
10:39:58 - ProfessionalComplexFixed - INFO - ✅ 找到有效品种: Gold
10:39:58 - ProfessionalComplexFixed - INFO - 📊 品种信息:
10:39:58 - ProfessionalComplexFixed - INFO -    名称: Gold
10:39:58 - ProfessionalComplexFixed - INFO -    当前价格: 4132.49 / 4132.99
10:39:58 - ProfessionalComplexFixed - INFO -    点差: 5000.0点
10:39:58 - ProfessionalComplexFixed - INFO -    精度: 2位
10:39:58 - ProfessionalComplexFixed - INFO - 🚀 初始化策略组件...
10:39:58 - ProfessionalComplexFixed - INFO - ============================================================
10:39:58 - ProfessionalComplexFixed - INFO - ✅ 所有组件初始化完成
10:39:58 - ProfessionalComplexFixed - INFO - 📈 开始运行策略...
10:39:58 - ProfessionalComplexFixed - INFO - 💡 按 Ctrl+C 停止策略
10:39:58 - ProfessionalComplexFixed - INFO - ============================================================
10:39:58 - ProfessionalComplexFixed - INFO - 🚀 启动策略主循环...
10:39:58 - ProfessionalComplexFixed - INFO - 📊 数据收集阶段...
10:40:00 - ProfessionalComplexFixed - INFO - ✅ 数据引擎初始化完成 - 有效Tick: 30
10:40:00 - ProfessionalComplexFixed - INFO - === 数据引擎初始化状态 ===
10:40:00 - ProfessionalComplexFixed - INFO - 品种: Gold
10:40:00 - ProfessionalComplexFixed - INFO - 缓冲区大小: 30
10:40:00 - ProfessionalComplexFixed - INFO - 数据质量: 30/30 (100.0%)
10:40:00 - ProfessionalComplexFixed - INFO - 平均点差: 5000.0点
10:40:00 - ProfessionalComplexFixed - INFO - Tick频率: 18.7Hz
10:40:00 - ProfessionalComplexFixed - INFO - =========================
10:40:28 - ProfessionalComplexFixed - INFO - ✅ 数据收集完成，开始交易循环...
10:40:28 - ProfessionalComplexFixed - INFO - 🔄 市场状态变更: UNCERTAIN -> TRENDING (置信度: 0.91)
10:40:30 - ProfessionalComplexFixed - INFO - 🔄 市场状态变更: TRENDING -> RANGING (置信度: 0.77)
10:40:31 - ProfessionalComplexFixed - INFO - 🔄 市场状态变更: RANGING -> TRENDING (置信度: 0.80)
10:40:31 - ProfessionalComplexFixed - INFO - 📈 生成信号: SELL 强度: 0.68 价格: 4133.24
10:40:31 - ProfessionalComplexFixed - INFO - ✅ 开仓成功: SELL 1.3手 @ 4132.99 (订单号: 14958867)
10:40:32 - ProfessionalComplexFixed - WARNING - ⚠️ 止盈止损设置失败: 10016 - Invalid stops
10:40:32 - ProfessionalComplexFixed - WARNING - ⚠️ 重试后仍失败: 10016 - Invalid stops
10:40:35 - ProfessionalComplexFixed - INFO - 📈 生成信号: SELL 强度: 0.68 价格: 4133.44
10:40:36 - ProfessionalComplexFixed - INFO - ✅ 开仓成功: SELL 1.2000000000000002手 @ 4133.19 (订单号: 14958868)
10:40:36 - ProfessionalComplexFixed - WARNING - ⚠️ 止盈止损设置失败: 10016 - Invalid stops
10:40:36 - ProfessionalComplexFixed - WARNING - ⚠️ 重试后仍失败: 10016 - Invalid stops
10:40:47 - ProfessionalComplexFixed - INFO - 📈 生成信号: BUY 强度: 0.55 价格: 4133.55
10:40:47 - ProfessionalComplexFixed - INFO - ✅ 开仓成功: BUY 0.8手 @ 4133.80 (订单号: 14958869)
10:40:47 - ProfessionalComplexFixed - WARNING - ⚠️ 止盈止损设置失败: 10016 - Invalid stops
10:40:47 - ProfessionalComplexFixed - WARNING - ⚠️ 重试后仍失败: 10016 - Invalid stops
10:40:50 - ProfessionalComplexFixed - INFO - 🔄 市场状态变更: TRENDING -> RANGING (置信度: 0.99)
10:42:39 - ProfessionalComplexFixed - INFO - 🔄 市场状态变更: RANGING -> VOLATILE (置信度: 0.99)
10:46:48 - ProfessionalComplexFixed - INFO - 🔄 市场状态变更: VOLATILE -> RANGING (置信度: 1.00)
10:46:49 - ProfessionalComplexFixed - INFO - 🔄 市场状态变更: RANGING -> VOLATILE (置信度: 1.00)
10:47:40 - ProfessionalComplexFixed - INFO - 🔄 市场状态变更: VOLATILE -> RANGING (置信度: 1.00)
10:47:42 - ProfessionalComplexFixed - INFO - 🔄 市场状态变更: RANGING -> VOLATILE (置信度: 1.00)
10:47:59 - ProfessionalComplexFixed - INFO - 🔄 市场状态变更: VOLATILE -> RANGING (置信度: 1.00)
10:48:00 - ProfessionalComplexFixed - INFO - 🔄 市场状态变更: RANGING -> VOLATILE (置信度: 1.00)
10:48:25 - ProfessionalComplexFixed - INFO - 🔄 市场状态变更: VOLATILE -> RANGING (置信度: 1.00)
10:48:26 - ProfessionalComplexFixed - INFO - 🔄 市场状态变更: RANGING -> VOLATILE (置信度: 1.00)
10:48:35 - ProfessionalComplexFixed - INFO - 🔄 市场状态变更: VOLATILE -> RANGING (置信度: 1.00)
10:48:36 - ProfessionalComplexFixed - INFO - 🔄 市场状态变更: RANGING -> VOLATILE (置信度: 1.00)
10:49:13 - ProfessionalComplexFixed - INFO - 🔄 市场状态变更: VOLATILE -> RANGING (置信度: 1.00)
10:49:14 - ProfessionalComplexFixed - INFO - 🔄 市场状态变更: RANGING -> VOLATILE (置信度: 1.00)
10:49:32 - ProfessionalComplexFixed - INFO - 🔄 市场状态变更: VOLATILE -> RANGING (置信度: 1.00)
10:49:33 - ProfessionalComplexFixed - INFO - 🔄 市场状态变更: RANGING -> VOLATILE (置信度: 1.00)
10:50:26 - ProfessionalComplexFixed - INFO - 🔄 市场状态变更: VOLATILE -> RANGING (置信度: 1.00)
10:50:27 - ProfessionalComplexFixed - INFO - 🔄 市场状态变更: RANGING -> VOLATILE (置信度: 1.00)
10:51:00 - ProfessionalComplexFixed - INFO - 🔄 市场状态变更: VOLATILE -> RANGING (置信度: 1.00)
10:51:01 - ProfessionalComplexFixed - INFO - 🔄 市场状态变更: RANGING -> VOLATILE (置信度: 1.00)
10:51:36 - ProfessionalComplexFixed - INFO - 🔄 市场状态变更: VOLATILE -> RANGING (置信度: 1.00)
10:51:38 - ProfessionalComplexFixed - INFO - 🔄 市场状态变更: RANGING -> VOLATILE (置信度: 1.00)
10:51:39 - ProfessionalComplexFixed - INFO - 🔄 市场状态变更: VOLATILE -> RANGING (置信度: 1.00)
10:51:41 - ProfessionalComplexFixed - INFO - 🔄 市场状态变更: RANGING -> VOLATILE (置信度: 1.00)
10:51:44 - ProfessionalComplexFixed - INFO - 🔄 市场状态变更: VOLATILE -> RANGING (置信度: 1.00)
10:51:45 - ProfessionalComplexFixed - INFO - 🔄 市场状态变更: RANGING -> VOLATILE (置信度: 1.00)
10:52:55 - ProfessionalComplexFixed - INFO - 🔄 市场状态变更: VOLATILE -> RANGING (置信度: 1.00)
10:52:56 - ProfessionalComplexFixed - INFO - 🔄 市场状态变更: RANGING -> VOLATILE (置信度: 1.00)
10:53:00 - ProfessionalComplexFixed - INFO - 🔄 市场状态变更: VOLATILE -> RANGING (置信度: 1.00)
10:53:01 - ProfessionalComplexFixed - INFO - 🔄 市场状态变更: RANGING -> VOLATILE (置信度: 1.00)
10:53:25 - ProfessionalComplexFixed - INFO - 🔄 市场状态变更: VOLATILE -> RANGING (置信度: 1.00)
10:53:26 - ProfessionalComplexFixed - INFO - 🔄 市场状态变更: RANGING -> VOLATILE (置信度: 1.00)
10:55:15 - ProfessionalComplexFixed - INFO - 🔄 市场状态变更: VOLATILE -> RANGING (置信度: 1.00)
10:55:16 - ProfessionalComplexFixed - INFO - 🔄 市场状态变更: RANGING -> VOLATILE (置信度: 1.00)
10:56:00 - ProfessionalComplexFixed - INFO - 🔄 市场状态变更: VOLATILE -> RANGING (置信度: 1.00)
10:56:01 - ProfessionalComplexFixed - INFO - 🔄 市场状态变更: RANGING -> VOLATILE (置信度: 1.00)
10:56:15 - ProfessionalComplexFixed - INFO - 🔄 市场状态变更: VOLATILE -> RANGING (置信度: 1.00)
10:56:16 - ProfessionalComplexFixed - INFO - 🔄 市场状态变更: RANGING -> VOLATILE (置信度: 1.00)
10:56:33 - ProfessionalComplexFixed - INFO - 🔄 市场状态变更: VOLATILE -> RANGING (置信度: 1.00)
10:56:34 - ProfessionalComplexFixed - INFO - 🔄 市场状态变更: RANGING -> VOLATILE (置信度: 1.00)
10:56:56 - ProfessionalComplexFixed - INFO - 🔄 市场状态变更: VOLATILE -> RANGING (置信度: 1.00)
10:56:57 - ProfessionalComplexFixed - INFO - 🔄 市场状态变更: RANGING -> VOLATILE (置信度: 1.00)
10:57:08 - ProfessionalComplexFixed - INFO - 🔄 市场状态变更: VOLATILE -> RANGING (置信度: 1.00)
10:57:09 - ProfessionalComplexFixed - INFO - 🔄 市场状态变更: RANGING -> VOLATILE (置信度: 1.00)
10:57:19 - ProfessionalComplexFixed - INFO - 🔄 市场状态变更: VOLATILE -> RANGING (置信度: 1.00)
10:57:20 - ProfessionalComplexFixed - INFO - 🔄 市场状态变更: RANGING -> VOLATILE (置信度: 1.00)
10:57:49 - ProfessionalComplexFixed - INFO - 🔄 市场状态变更: VOLATILE -> RANGING (置信度: 1.00)
10:57:50 - ProfessionalComplexFixed - INFO - 🔄 市场状态变更: RANGING -> VOLATILE (置信度: 1.00)
10:59:10 - ProfessionalComplexFixed - INFO - 🔄 市场状态变更: VOLATILE -> RANGING (置信度: 1.00)
10:59:11 - ProfessionalComplexFixed - INFO - 🔄 市场状态变更: RANGING -> VOLATILE (置信度: 1.00)
10:59:57 - ProfessionalComplexFixed - INFO - ⚠️ 收到中断信号，停止策略...
10:59:57 - ProfessionalComplexFixed - INFO - 🛑 停止策略...
10:59:57 - ProfessionalComplexFixed - INFO - 当前持仓数: 3
10:59:57 - ProfessionalComplexFixed - INFO - 今日交易数: 3
10:59:57 - ProfessionalComplexFixed - INFO - 🛑 关闭MT5连接...
10:59:57 - ProfessionalComplexFixed - INFO - ✅ 程序已退出
11:00:15 - ProfessionalComplexFixed - INFO - ✅ 账户连接成功: 70724849 | 余额: 296645.20 | 服务器: PlotioGlobalFinancial-Demo
11:00:15 - ProfessionalComplexFixed - INFO - 🔍 开始寻找有效交易品种...
11:00:15 - ProfessionalComplexFixed - INFO - 🔍 开始寻找有效交易品种...
11:00:15 - ProfessionalComplexFixed - INFO - 🧪 测试品种: Gold
11:00:15 - ProfessionalComplexFixed - INFO -   Tick分析: 总计1319个, 有效1319个, 无效价格0个
11:00:15 - ProfessionalComplexFixed - INFO -   点差统计: 最小5000.0点, 最大5000.0点, 平均5000.0点, 中位数5000.0点
11:00:15 - ProfessionalComplexFixed - INFO -   数据质量: 1319个有效Tick, 平均点差: 5000.0, 最大点差: 5000.0
11:00:15 - ProfessionalComplexFixed - INFO - ✅ 找到有效品种: Gold
11:00:15 - ProfessionalComplexFixed - INFO - 📊 品种信息:
11:00:15 - ProfessionalComplexFixed - INFO -    名称: Gold
11:00:15 - ProfessionalComplexFixed - INFO -    当前价格: 4137.84 / 4138.34
11:00:15 - ProfessionalComplexFixed - INFO -    点差: 5000.0点
11:00:15 - ProfessionalComplexFixed - INFO -    精度: 2位
11:00:15 - ProfessionalComplexFixed - INFO - 🚀 初始化策略组件...
11:00:15 - ProfessionalComplexFixed - INFO - ============================================================
11:00:15 - ProfessionalComplexFixed - INFO - ✅ 所有组件初始化完成
11:00:15 - ProfessionalComplexFixed - INFO - 📈 开始运行策略...
11:00:15 - ProfessionalComplexFixed - INFO - 💡 按 Ctrl+C 停止策略
11:00:15 - ProfessionalComplexFixed - INFO - ============================================================
11:00:15 - ProfessionalComplexFixed - INFO - 🚀 启动策略主循环...
11:00:15 - ProfessionalComplexFixed - INFO - 📊 数据收集阶段...
11:00:16 - ProfessionalComplexFixed - INFO - ✅ 数据引擎初始化完成 - 有效Tick: 30
11:00:16 - ProfessionalComplexFixed - INFO - === 数据引擎初始化状态 ===
11:00:16 - ProfessionalComplexFixed - INFO - 品种: Gold
11:00:16 - ProfessionalComplexFixed - INFO - 缓冲区大小: 30
11:00:16 - ProfessionalComplexFixed - INFO - 数据质量: 30/30 (100.0%)
11:00:16 - ProfessionalComplexFixed - INFO - 平均点差: 5000.0点
11:00:16 - ProfessionalComplexFixed - INFO - Tick频率: 18.5Hz
11:00:16 - ProfessionalComplexFixed - INFO - =========================
11:00:45 - ProfessionalComplexFixed - INFO - ✅ 数据收集完成，开始交易循环...
11:00:45 - ProfessionalComplexFixed - INFO - 🔄 市场状态变更: UNCERTAIN -> TRENDING (置信度: 0.91)
11:00:46 - ProfessionalComplexFixed - INFO - 📈 生成信号: SELL 强度: 0.68 价格: 4137.65
11:00:46 - ProfessionalComplexFixed - WARNING - ⚠️ 达到最大并发持仓: 3
11:00:52 - ProfessionalComplexFixed - INFO - 🔄 市场状态变更: TRENDING -> RANGING (置信度: 0.74)
11:00:53 - ProfessionalComplexFixed - INFO - 🔄 市场状态变更: RANGING -> TRENDING (置信度: 0.91)
11:00:56 - ProfessionalComplexFixed - INFO - 🔄 市场状态变更: TRENDING -> RANGING (置信度: 0.79)
11:00:58 - ProfessionalComplexFixed - INFO - 🔄 市场状态变更: RANGING -> TRENDING (置信度: 0.80)
11:00:59 - ProfessionalComplexFixed - INFO - 🔄 市场状态变更: TRENDING -> RANGING (置信度: 0.80)
11:01:03 - ProfessionalComplexFixed - INFO - 🔄 市场状态变更: RANGING -> TRENDING (置信度: 0.80)
11:01:04 - ProfessionalComplexFixed - INFO - 🔄 市场状态变更: TRENDING -> RANGING (置信度: 0.80)
11:01:07 - ProfessionalComplexFixed - INFO - 🔄 市场状态变更: RANGING -> TRENDING (置信度: 0.80)
11:01:08 - ProfessionalComplexFixed - INFO - 🔄 市场状态变更: TRENDING -> RANGING (置信度: 0.80)
11:01:13 - ProfessionalComplexFixed - INFO - 🔄 市场状态变更: RANGING -> TRENDING (置信度: 0.80)
11:01:14 - ProfessionalComplexFixed - INFO - 🔄 市场状态变更: TRENDING -> RANGING (置信度: 0.80)
11:01:15 - ProfessionalComplexFixed - INFO - 🔄 市场状态变更: RANGING -> TRENDING (置信度: 0.69)
11:01:20 - ProfessionalComplexFixed - INFO - 📈 生成信号: BUY 强度: 0.68 价格: 4137.87
11:01:20 - ProfessionalComplexFixed - WARNING - ⚠️ 达到最大并发持仓: 3
11:01:24 - ProfessionalComplexFixed - INFO - 📈 生成信号: SELL 强度: 0.68 价格: 4138.08
11:01:24 - ProfessionalComplexFixed - WARNING - ⚠️ 达到最大并发持仓: 3
11:01:28 - ProfessionalComplexFixed - INFO - 🔄 市场状态变更: TRENDING -> RANGING (置信度: 0.79)
11:01:29 - ProfessionalComplexFixed - INFO - 🔄 市场状态变更: RANGING -> TRENDING (置信度: 0.80)
11:01:30 - ProfessionalComplexFixed - INFO - 🔄 市场状态变更: TRENDING -> RANGING (置信度: 0.79)
11:01:34 - ProfessionalComplexFixed - INFO - 🔄 市场状态变更: RANGING -> TRENDING (置信度: 0.80)
11:01:35 - ProfessionalComplexFixed - INFO - 🔄 市场状态变更: TRENDING -> RANGING (置信度: 0.80)
11:01:37 - ProfessionalComplexFixed - INFO - 🔄 市场状态变更: RANGING -> TRENDING (置信度: 0.80)
11:01:39 - ProfessionalComplexFixed - INFO - 🔄 市场状态变更: TRENDING -> RANGING (置信度: 0.79)
11:01:40 - ProfessionalComplexFixed - INFO - 🔄 市场状态变更: RANGING -> TRENDING (置信度: 0.80)
11:01:42 - ProfessionalComplexFixed - INFO - 🔄 市场状态变更: TRENDING -> RANGING (置信度: 0.80)
11:01:46 - ProfessionalComplexFixed - INFO - 🔄 市场状态变更: RANGING -> TRENDING (置信度: 0.80)
11:01:47 - ProfessionalComplexFixed - INFO - 🔄 市场状态变更: TRENDING -> RANGING (置信度: 0.80)
11:01:49 - ProfessionalComplexFixed - INFO - 🔄 市场状态变更: RANGING -> TRENDING (置信度: 0.80)
11:01:50 - ProfessionalComplexFixed - INFO - 🔄 市场状态变更: TRENDING -> RANGING (置信度: 0.79)
11:01:51 - ProfessionalComplexFixed - INFO - 🔄 市场状态变更: RANGING -> TRENDING (置信度: 0.80)
11:01:53 - ProfessionalComplexFixed - INFO - 🔄 市场状态变更: TRENDING -> RANGING (置信度: 0.78)
11:01:54 - ProfessionalComplexFixed - INFO - 🔄 市场状态变更: RANGING -> TRENDING (置信度: 0.80)
11:01:57 - ProfessionalComplexFixed - INFO - 🔄 市场状态变更: TRENDING -> RANGING (置信度: 0.80)
11:02:02 - ProfessionalComplexFixed - INFO - 🔄 市场状态变更: RANGING -> TRENDING (置信度: 0.80)
11:02:04 - ProfessionalComplexFixed - INFO - 🔄 市场状态变更: TRENDING -> RANGING (置信度: 0.79)
11:02:07 - ProfessionalComplexFixed - INFO - 🔄 市场状态变更: RANGING -> TRENDING (置信度: 0.80)
11:02:08 - ProfessionalComplexFixed - INFO - 🔄 市场状态变更: TRENDING -> RANGING (置信度: 0.78)
11:02:09 - ProfessionalComplexFixed - INFO - 🔄 市场状态变更: RANGING -> TRENDING (置信度: 0.80)
11:02:11 - ProfessionalComplexFixed - INFO - 🔄 市场状态变更: TRENDING -> RANGING (置信度: 0.79)
11:02:16 - ProfessionalComplexFixed - INFO - 🔄 市场状态变更: RANGING -> TRENDING (置信度: 0.80)
11:02:17 - ProfessionalComplexFixed - INFO - 🔄 市场状态变更: TRENDING -> RANGING (置信度: 0.80)
11:02:18 - ProfessionalComplexFixed - INFO - 🔄 市场状态变更: RANGING -> TRENDING (置信度: 0.80)
11:02:20 - ProfessionalComplexFixed - INFO - 🔄 市场状态变更: TRENDING -> RANGING (置信度: 0.79)
11:02:23 - ProfessionalComplexFixed - INFO - 🔄 市场状态变更: RANGING -> TRENDING (置信度: 0.80)
11:02:25 - ProfessionalComplexFixed - INFO - 🔄 市场状态变更: TRENDING -> RANGING (置信度: 0.79)
11:02:33 - ProfessionalComplexFixed - INFO - 🔄 市场状态变更: RANGING -> TRENDING (置信度: 0.80)
11:02:34 - ProfessionalComplexFixed - INFO - 🔄 市场状态变更: TRENDING -> RANGING (置信度: 0.79)
11:02:35 - ProfessionalComplexFixed - INFO - 🔄 市场状态变更: RANGING -> TRENDING (置信度: 0.80)
11:02:40 - ProfessionalComplexFixed - INFO - 🔄 市场状态变更: TRENDING -> RANGING (置信度: 0.68)
11:02:41 - ProfessionalComplexFixed - INFO - 🔄 市场状态变更: RANGING -> TRENDING (置信度: 0.80)
11:02:41 - ProfessionalComplexFixed - INFO - 📈 生成信号: SELL 强度: 0.68 价格: 4138.60
11:02:41 - ProfessionalComplexFixed - WARNING - ⚠️ 达到最大并发持仓: 3
11:02:44 - ProfessionalComplexFixed - INFO - 📈 生成信号: SELL 强度: 0.68 价格: 4138.81
11:02:44 - ProfessionalComplexFixed - WARNING - ⚠️ 达到最大并发持仓: 3
11:02:49 - ProfessionalComplexFixed - INFO - 🔄 市场状态变更: TRENDING -> RANGING (置信度: 0.97)
11:09:26 - ProfessionalComplexFixed - INFO - 🔄 市场状态变更: RANGING -> VOLATILE (置信度: 0.74)
11:09:27 - ProfessionalComplexFixed - INFO - 🔄 市场状态变更: VOLATILE -> RANGING (置信度: 0.97)
11:09:49 - ProfessionalComplexFixed - INFO - 🔄 市场状态变更: RANGING -> VOLATILE (置信度: 0.97)
11:09:50 - ProfessionalComplexFixed - INFO - 🔄 市场状态变更: VOLATILE -> RANGING (置信度: 0.97)
11:10:05 - ProfessionalComplexFixed - INFO - 🔄 市场状态变更: RANGING -> VOLATILE (置信度: 0.97)
11:10:06 - ProfessionalComplexFixed - INFO - 🔄 市场状态变更: VOLATILE -> RANGING (置信度: 0.99)
11:10:07 - ProfessionalComplexFixed - INFO - 🔄 市场状态变更: RANGING -> VOLATILE (置信度: 0.99)
11:10:08 - ProfessionalComplexFixed - INFO - 🔄 市场状态变更: VOLATILE -> RANGING (置信度: 0.99)
11:10:10 - ProfessionalComplexFixed - INFO - 🔄 市场状态变更: RANGING -> VOLATILE (置信度: 0.99)
11:10:11 - ProfessionalComplexFixed - INFO - 🔄 市场状态变更: VOLATILE -> RANGING (置信度: 1.00)
11:10:13 - ProfessionalComplexFixed - INFO - 🔄 市场状态变更: RANGING -> VOLATILE (置信度: 1.00)
11:12:55 - ProfessionalComplexFixed - INFO - 🔄 市场状态变更: VOLATILE -> RANGING (置信度: 1.00)
11:12:56 - ProfessionalComplexFixed - INFO - 🔄 市场状态变更: RANGING -> VOLATILE (置信度: 1.00)
11:14:00 - ProfessionalComplexFixed - INFO - 🔄 市场状态变更: VOLATILE -> RANGING (置信度: 1.00)
11:14:01 - ProfessionalComplexFixed - INFO - 🔄 市场状态变更: RANGING -> VOLATILE (置信度: 1.00)
11:14:15 - ProfessionalComplexFixed - INFO - 🔄 市场状态变更: VOLATILE -> RANGING (置信度: 1.00)
11:14:16 - ProfessionalComplexFixed - INFO - 🔄 市场状态变更: RANGING -> VOLATILE (置信度: 1.00)
11:15:04 - ProfessionalComplexFixed - INFO - 🔄 市场状态变更: VOLATILE -> RANGING (置信度: 1.00)
11:15:06 - ProfessionalComplexFixed - INFO - 🔄 市场状态变更: RANGING -> VOLATILE (置信度: 1.00)
11:15:56 - ProfessionalComplexFixed - INFO - 🔄 市场状态变更: VOLATILE -> RANGING (置信度: 1.00)
11:15:57 - ProfessionalComplexFixed - INFO - 🔄 市场状态变更: RANGING -> VOLATILE (置信度: 1.00)
11:17:16 - ProfessionalComplexFixed - INFO - 🔄 市场状态变更: VOLATILE -> RANGING (置信度: 1.00)
11:17:17 - ProfessionalComplexFixed - INFO - 🔄 市场状态变更: RANGING -> VOLATILE (置信度: 1.00)
11:17:25 - ProfessionalComplexFixed - INFO - 🔄 市场状态变更: VOLATILE -> RANGING (置信度: 1.00)
11:17:26 - ProfessionalComplexFixed - INFO - 🔄 市场状态变更: RANGING -> VOLATILE (置信度: 1.00)
11:18:22 - ProfessionalComplexFixed - INFO - 🔄 市场状态变更: VOLATILE -> RANGING (置信度: 1.00)
11:18:23 - ProfessionalComplexFixed - INFO - 🔄 市场状态变更: RANGING -> VOLATILE (置信度: 1.00)
11:18:52 - ProfessionalComplexFixed - INFO - 🔄 市场状态变更: VOLATILE -> RANGING (置信度: 1.00)
11:18:53 - ProfessionalComplexFixed - INFO - 🔄 市场状态变更: RANGING -> VOLATILE (置信度: 1.00)
11:19:10 - ProfessionalComplexFixed - INFO - 🔄 市场状态变更: VOLATILE -> RANGING (置信度: 1.00)
11:19:11 - ProfessionalComplexFixed - INFO - 🔄 市场状态变更: RANGING -> VOLATILE (置信度: 1.00)
11:20:34 - ProfessionalComplexFixed - INFO - 🔄 市场状态变更: VOLATILE -> RANGING (置信度: 1.00)
11:20:35 - ProfessionalComplexFixed - INFO - 🔄 市场状态变更: RANGING -> VOLATILE (置信度: 1.00)
11:20:40 - ProfessionalComplexFixed - INFO - 🔄 市场状态变更: VOLATILE -> RANGING (置信度: 1.00)
11:20:41 - ProfessionalComplexFixed - INFO - 🔄 市场状态变更: RANGING -> VOLATILE (置信度: 1.00)
11:20:42 - ProfessionalComplexFixed - INFO - 🔄 市场状态变更: VOLATILE -> RANGING (置信度: 1.00)
11:20:43 - ProfessionalComplexFixed - INFO - 🔄 市场状态变更: RANGING -> VOLATILE (置信度: 1.00)
11:20:54 - ProfessionalComplexFixed - INFO - 🔄 市场状态变更: VOLATILE -> RANGING (置信度: 1.00)
11:20:55 - ProfessionalComplexFixed - INFO - 🔄 市场状态变更: RANGING -> VOLATILE (置信度: 1.00)
11:21:27 - ProfessionalComplexFixed - INFO - 🔄 市场状态变更: VOLATILE -> RANGING (置信度: 1.00)
11:21:28 - ProfessionalComplexFixed - INFO - 🔄 市场状态变更: RANGING -> VOLATILE (置信度: 1.00)
11:21:50 - ProfessionalComplexFixed - INFO - 🔄 市场状态变更: VOLATILE -> RANGING (置信度: 1.00)
11:21:51 - ProfessionalComplexFixed - INFO - 🔄 市场状态变更: RANGING -> VOLATILE (置信度: 1.00)
11:21:55 - ProfessionalComplexFixed - INFO - 🔄 市场状态变更: VOLATILE -> RANGING (置信度: 1.00)
11:21:56 - ProfessionalComplexFixed - INFO - 🔄 市场状态变更: RANGING -> VOLATILE (置信度: 1.00)
11:22:12 - ProfessionalComplexFixed - INFO - 🔄 市场状态变更: VOLATILE -> RANGING (置信度: 1.00)
11:22:13 - ProfessionalComplexFixed - INFO - 🔄 市场状态变更: RANGING -> VOLATILE (置信度: 1.00)
11:22:37 - ProfessionalComplexFixed - INFO - 🔄 市场状态变更: VOLATILE -> RANGING (置信度: 1.00)
11:22:39 - ProfessionalComplexFixed - INFO - 🔄 市场状态变更: RANGING -> VOLATILE (置信度: 1.00)
11:22:45 - ProfessionalComplexFixed - INFO - 🔄 市场状态变更: VOLATILE -> RANGING (置信度: 1.00)
11:22:46 - ProfessionalComplexFixed - INFO - 🔄 市场状态变更: RANGING -> VOLATILE (置信度: 1.00)
11:23:13 - ProfessionalComplexFixed - INFO - 🔄 市场状态变更: VOLATILE -> RANGING (置信度: 1.00)
11:23:14 - ProfessionalComplexFixed - INFO - 🔄 市场状态变更: RANGING -> VOLATILE (置信度: 1.00)
11:23:40 - ProfessionalComplexFixed - INFO - 🔄 市场状态变更: VOLATILE -> RANGING (置信度: 1.00)
11:23:41 - ProfessionalComplexFixed - INFO - 🔄 市场状态变更: RANGING -> VOLATILE (置信度: 1.00)
11:24:01 - ProfessionalComplexFixed - INFO - 🔄 市场状态变更: VOLATILE -> RANGING (置信度: 1.00)
11:24:02 - ProfessionalComplexFixed - INFO - 🔄 市场状态变更: RANGING -> VOLATILE (置信度: 1.00)
11:24:20 - ProfessionalComplexFixed - INFO - 🔄 市场状态变更: VOLATILE -> RANGING (置信度: 1.00)
11:24:21 - ProfessionalComplexFixed - INFO - 🔄 市场状态变更: RANGING -> VOLATILE (置信度: 1.00)
11:24:33 - ProfessionalComplexFixed - INFO - 🔄 市场状态变更: VOLATILE -> RANGING (置信度: 1.00)
11:24:34 - ProfessionalComplexFixed - INFO - 🔄 市场状态变更: RANGING -> VOLATILE (置信度: 1.00)
11:24:50 - ProfessionalComplexFixed - INFO - 🔄 市场状态变更: VOLATILE -> RANGING (置信度: 1.00)
11:24:51 - ProfessionalComplexFixed - INFO - 🔄 市场状态变更: RANGING -> VOLATILE (置信度: 1.00)
11:25:18 - ProfessionalComplexFixed - INFO - 🔄 市场状态变更: VOLATILE -> RANGING (置信度: 1.00)
11:25:19 - ProfessionalComplexFixed - INFO - 🔄 市场状态变更: RANGING -> VOLATILE (置信度: 1.00)
11:25:40 - ProfessionalComplexFixed - INFO - 🔄 市场状态变更: VOLATILE -> RANGING (置信度: 1.00)
11:25:41 - ProfessionalComplexFixed - INFO - 🔄 市场状态变更: RANGING -> VOLATILE (置信度: 1.00)
11:25:47 - ProfessionalComplexFixed - INFO - ⚠️ 收到中断信号，停止策略...
11:25:47 - ProfessionalComplexFixed - INFO - 🛑 停止策略...
11:25:47 - ProfessionalComplexFixed - INFO - 当前持仓数: 0
11:25:47 - ProfessionalComplexFixed - INFO - 今日交易数: 0
11:25:47 - ProfessionalComplexFixed - INFO - 🛑 关闭MT5连接...
11:25:47 - ProfessionalComplexFixed - INFO - ✅ 程序已退出
15:45:52 - ProfessionalComplexFixed - INFO - ✅ 账户连接成功: 70724849 | 余额: 294449.60 | 服务器: PlotioGlobalFinancial-Demo
15:45:52 - ProfessionalComplexFixed - INFO - 🔍 开始寻找有效交易品种...
15:45:52 - ProfessionalComplexFixed - INFO - 🔍 开始寻找有效交易品种...
15:45:52 - ProfessionalComplexFixed - INFO - 🧪 测试品种: Gold
15:45:52 - ProfessionalComplexFixed - INFO -   Tick分析: 总计771个, 有效771个, 无效价格0个
15:45:52 - ProfessionalComplexFixed - INFO -   点差统计: 最小5000.0点, 最大5000.0点, 平均5000.0点, 中位数5000.0点
15:45:52 - ProfessionalComplexFixed - INFO -   数据质量: 771个有效Tick, 平均点差: 5000.0, 最大点差: 5000.0
15:45:52 - ProfessionalComplexFixed - INFO - ✅ 找到有效品种: Gold
15:45:52 - ProfessionalComplexFixed - INFO - 📊 品种信息:
15:45:52 - ProfessionalComplexFixed - INFO -    名称: Gold
15:45:52 - ProfessionalComplexFixed - INFO -    当前价格: 4131.02 / 4131.52
15:45:52 - ProfessionalComplexFixed - INFO -    点差: 5000.0点
15:45:52 - ProfessionalComplexFixed - INFO -    精度: 2位
15:45:52 - ProfessionalComplexFixed - INFO - 🚀 初始化策略组件...
15:45:52 - ProfessionalComplexFixed - INFO - ============================================================
15:45:52 - ProfessionalComplexFixed - INFO - ✅ 所有组件初始化完成
15:45:52 - ProfessionalComplexFixed - INFO - 📈 开始运行策略...
15:45:52 - ProfessionalComplexFixed - INFO - 💡 按 Ctrl+C 停止策略
15:45:52 - ProfessionalComplexFixed - INFO - ============================================================
15:45:52 - ProfessionalComplexFixed - INFO - 🚀 启动策略主循环...
15:45:52 - ProfessionalComplexFixed - INFO - 📊 数据收集阶段...
15:45:54 - ProfessionalComplexFixed - INFO - ✅ 数据引擎初始化完成 - 有效Tick: 30
15:45:54 - ProfessionalComplexFixed - INFO - === 数据引擎初始化状态 ===
15:45:54 - ProfessionalComplexFixed - INFO - 品种: Gold
15:45:54 - ProfessionalComplexFixed - INFO - 缓冲区大小: 30
15:45:54 - ProfessionalComplexFixed - INFO - 数据质量: 30/30 (100.0%)
15:45:54 - ProfessionalComplexFixed - INFO - 平均点差: 5000.0点
15:45:54 - ProfessionalComplexFixed - INFO - Tick频率: 18.3Hz
15:45:54 - ProfessionalComplexFixed - INFO - =========================
15:46:22 - ProfessionalComplexFixed - INFO - ✅ 数据收集完成，开始交易循环...
15:46:22 - ProfessionalComplexFixed - INFO - 🔄 市场状态变更: UNCERTAIN -> TRENDING (置信度: 0.91)
15:46:23 - ProfessionalComplexFixed - INFO - 🔄 市场状态变更: TRENDING -> RANGING (置信度: 0.79)
15:46:25 - ProfessionalComplexFixed - INFO - 🔄 市场状态变更: RANGING -> TRENDING (置信度: 0.80)
15:46:27 - ProfessionalComplexFixed - INFO - 📈 生成信号: BUY 强度: 0.55 价格: 4131.99
15:46:27 - ProfessionalComplexFixed - ERROR - 开仓异常: 'SymbolInfo' object has no attribute 'stops_level'
15:46:30 - ProfessionalComplexFixed - INFO - 📈 生成信号: SELL 强度: 0.68 价格: 4132.18
15:46:30 - ProfessionalComplexFixed - ERROR - 开仓异常: 'SymbolInfo' object has no attribute 'stops_level'
15:46:34 - ProfessionalComplexFixed - INFO - 📈 生成信号: SELL 强度: 0.68 价格: 4132.85
15:46:34 - ProfessionalComplexFixed - ERROR - 开仓异常: 'SymbolInfo' object has no attribute 'stops_level'
15:46:37 - ProfessionalComplexFixed - INFO - 📈 生成信号: SELL 强度: 0.68 价格: 4132.73
15:46:37 - ProfessionalComplexFixed - ERROR - 开仓异常: 'SymbolInfo' object has no attribute 'stops_level'
15:46:41 - ProfessionalComplexFixed - INFO - 📈 生成信号: BUY 强度: 0.68 价格: 4132.39
15:46:41 - ProfessionalComplexFixed - ERROR - 开仓异常: 'SymbolInfo' object has no attribute 'stops_level'
15:46:44 - ProfessionalComplexFixed - INFO - 🔄 市场状态变更: TRENDING -> RANGING (置信度: 0.70)
15:46:47 - ProfessionalComplexFixed - INFO - 🔄 市场状态变更: RANGING -> TRENDING (置信度: 0.80)
15:46:48 - ProfessionalComplexFixed - INFO - 🔄 市场状态变更: TRENDING -> RANGING (置信度: 0.70)
15:46:51 - ProfessionalComplexFixed - INFO - 🔄 市场状态变更: RANGING -> TRENDING (置信度: 0.80)
15:46:53 - ProfessionalComplexFixed - INFO - 🔄 市场状态变更: TRENDING -> RANGING (置信度: 0.70)
15:46:55 - ProfessionalComplexFixed - INFO - 🔄 市场状态变更: RANGING -> TRENDING (置信度: 0.80)
15:47:00 - ProfessionalComplexFixed - INFO - 🔄 市场状态变更: TRENDING -> RANGING (置信度: 0.71)
15:47:03 - ProfessionalComplexFixed - INFO - 🔄 市场状态变更: RANGING -> TRENDING (置信度: 0.80)
15:47:04 - ProfessionalComplexFixed - INFO - 🔄 市场状态变更: TRENDING -> RANGING (置信度: 0.71)
15:47:05 - ProfessionalComplexFixed - INFO - 🔄 市场状态变更: RANGING -> TRENDING (置信度: 0.80)
15:47:06 - ProfessionalComplexFixed - INFO - 🔄 市场状态变更: TRENDING -> RANGING (置信度: 0.70)
15:47:08 - ProfessionalComplexFixed - INFO - 🔄 市场状态变更: RANGING -> TRENDING (置信度: 0.80)
15:47:09 - ProfessionalComplexFixed - INFO - 🔄 市场状态变更: TRENDING -> RANGING (置信度: 0.71)
15:47:10 - ProfessionalComplexFixed - INFO - 🔄 市场状态变更: RANGING -> TRENDING (置信度: 0.80)
15:47:11 - ProfessionalComplexFixed - INFO - 🔄 市场状态变更: TRENDING -> RANGING (置信度: 0.71)
15:47:12 - ProfessionalComplexFixed - INFO - 🔄 市场状态变更: RANGING -> TRENDING (置信度: 0.80)
15:47:13 - ProfessionalComplexFixed - INFO - 🔄 市场状态变更: TRENDING -> RANGING (置信度: 0.70)
15:47:14 - ProfessionalComplexFixed - INFO - 🔄 市场状态变更: RANGING -> TRENDING (置信度: 0.80)
15:47:15 - ProfessionalComplexFixed - INFO - 🔄 市场状态变更: TRENDING -> RANGING (置信度: 0.70)
15:47:21 - ProfessionalComplexFixed - INFO - 🔄 市场状态变更: RANGING -> TRENDING (置信度: 0.80)
15:47:24 - ProfessionalComplexFixed - INFO - 🔄 市场状态变更: TRENDING -> RANGING (置信度: 0.70)
15:47:25 - ProfessionalComplexFixed - INFO - 🔄 市场状态变更: RANGING -> TRENDING (置信度: 0.80)
15:47:31 - ProfessionalComplexFixed - INFO - 🔄 市场状态变更: TRENDING -> RANGING (置信度: 0.71)
15:47:32 - ProfessionalComplexFixed - INFO - 🔄 市场状态变更: RANGING -> TRENDING (置信度: 0.80)
15:47:33 - ProfessionalComplexFixed - INFO - 🔄 市场状态变更: TRENDING -> RANGING (置信度: 0.71)
15:47:35 - ProfessionalComplexFixed - INFO - 🔄 市场状态变更: RANGING -> TRENDING (置信度: 0.80)
15:47:37 - ProfessionalComplexFixed - INFO - 🔄 市场状态变更: TRENDING -> RANGING (置信度: 0.71)
15:47:38 - ProfessionalComplexFixed - INFO - 🔄 市场状态变更: RANGING -> TRENDING (置信度: 0.80)
15:47:39 - ProfessionalComplexFixed - INFO - 🔄 市场状态变更: TRENDING -> RANGING (置信度: 0.71)
15:48:53 - ProfessionalComplexFixed - INFO - ⚠️ 收到中断信号，停止策略...
15:48:53 - ProfessionalComplexFixed - INFO - 🛑 停止策略...
15:48:53 - ProfessionalComplexFixed - INFO - 当前持仓数: 0
15:48:53 - ProfessionalComplexFixed - INFO - 今日交易数: 0
15:48:53 - ProfessionalComplexFixed - INFO - 🛑 关闭MT5连接...
15:48:53 - ProfessionalComplexFixed - INFO - ✅ 程序已退出
17:00:30 - ProfessionalComplexFixed - INFO - ✅ 账户连接成功: 70724849 | 余额: 294449.60 | 服务器: PlotioGlobalFinancial-Demo
17:00:30 - ProfessionalComplexFixed - INFO - 🔍 开始寻找有效交易品种...
17:00:30 - ProfessionalComplexFixed - INFO - 🔍 开始寻找有效交易品种...
17:00:30 - ProfessionalComplexFixed - INFO - 🧪 测试品种: Gold
17:00:30 - ProfessionalComplexFixed - INFO -   Tick分析: 总计1451个, 有效1451个, 无效价格0个
17:00:30 - ProfessionalComplexFixed - INFO -   点差统计: 最小5000.0点, 最大5000.0点, 平均5000.0点, 中位数5000.0点
17:00:30 - ProfessionalComplexFixed - INFO -   数据质量: 1451个有效Tick, 平均点差: 5000.0, 最大点差: 5000.0
17:00:30 - ProfessionalComplexFixed - INFO - ✅ 找到有效品种: Gold
17:00:30 - ProfessionalComplexFixed - INFO - 📊 品种信息:
17:00:30 - ProfessionalComplexFixed - INFO -    名称: Gold
17:00:30 - ProfessionalComplexFixed - INFO -    当前价格: 4135.46 / 4135.96
17:00:30 - ProfessionalComplexFixed - INFO -    点差: 5000.0点
17:00:30 - ProfessionalComplexFixed - INFO -    精度: 2位
17:00:30 - ProfessionalComplexFixed - INFO - 🚀 初始化策略组件...
17:00:30 - ProfessionalComplexFixed - INFO - ============================================================
17:00:30 - ProfessionalComplexFixed - INFO - ✅ 所有组件初始化完成
17:00:30 - ProfessionalComplexFixed - INFO - 📈 开始运行策略...
17:00:30 - ProfessionalComplexFixed - INFO - 💡 按 Ctrl+C 停止策略
17:00:30 - ProfessionalComplexFixed - INFO - ============================================================
17:00:30 - ProfessionalComplexFixed - INFO - 🚀 启动策略主循环...
17:00:30 - ProfessionalComplexFixed - INFO - 📊 数据收集阶段...
17:00:32 - ProfessionalComplexFixed - INFO - ✅ 数据引擎初始化完成 - 有效Tick: 30
17:00:32 - ProfessionalComplexFixed - INFO - === 数据引擎初始化状态 ===
17:00:32 - ProfessionalComplexFixed - INFO - 品种: Gold
17:00:32 - ProfessionalComplexFixed - INFO - 缓冲区大小: 30
17:00:32 - ProfessionalComplexFixed - INFO - 数据质量: 30/30 (100.0%)
17:00:32 - ProfessionalComplexFixed - INFO - 平均点差: 5000.0点
17:00:32 - ProfessionalComplexFixed - INFO - Tick频率: 18.7Hz
17:00:32 - ProfessionalComplexFixed - INFO - =========================
17:01:00 - ProfessionalComplexFixed - INFO - ✅ 数据收集完成，开始交易循环...
17:01:00 - ProfessionalComplexFixed - INFO - 🔄 市场状态变更: UNCERTAIN -> TRENDING (置信度: 0.80)
17:01:01 - ProfessionalComplexFixed - INFO - 🔄 市场状态变更: TRENDING -> RANGING (置信度: 0.83)
17:01:11 - ProfessionalComplexFixed - INFO - 🔄 市场状态变更: RANGING -> TRENDING (置信度: 0.80)
17:01:11 - ProfessionalComplexFixed - INFO - 📈 生成信号: BUY 强度: 0.68 价格: 4134.80
17:01:12 - ProfessionalComplexFixed - INFO - ✅ 开仓成功: BUY 1.1手 @ 4135.05 (订单号: 14965085)
17:01:12 - ProfessionalComplexFixed - INFO - 📊 保存多目标止盈: 3个目标
17:01:12 - ProfessionalComplexFixed - WARNING - ⚠️ 止盈止损设置失败: 10016 - Invalid stops
17:01:12 - ProfessionalComplexFixed - WARNING - ⚠️ 重试后仍失败: 10016 - Invalid stops
17:01:16 - ProfessionalComplexFixed - INFO - 📈 生成信号: BUY 强度: 0.68 价格: 4135.01
17:01:17 - ProfessionalComplexFixed - INFO - ✅ 开仓成功: BUY 0.9手 @ 4135.26 (订单号: 14965086)
17:01:17 - ProfessionalComplexFixed - INFO - 📊 保存多目标止盈: 3个目标
17:01:17 - ProfessionalComplexFixed - WARNING - ⚠️ 止盈止损设置失败: 10016 - Invalid stops
17:01:17 - ProfessionalComplexFixed - WARNING - ⚠️ 重试后仍失败: 10016 - Invalid stops
17:01:22 - ProfessionalComplexFixed - INFO - 📈 生成信号: BUY 强度: 0.68 价格: 4134.60
17:01:22 - ProfessionalComplexFixed - INFO - ✅ 开仓成功: BUY 0.7000000000000001手 @ 4134.85 (订单号: 14965088)
17:01:22 - ProfessionalComplexFixed - INFO - 📊 保存多目标止盈: 3个目标
17:01:22 - ProfessionalComplexFixed - WARNING - ⚠️ 止盈止损设置失败: 10016 - Invalid stops
17:01:23 - ProfessionalComplexFixed - WARNING - ⚠️ 重试后仍失败: 10016 - Invalid stops
17:01:28 - ProfessionalComplexFixed - INFO - 📈 生成信号: SELL 强度: 0.68 价格: 4135.11
17:01:28 - ProfessionalComplexFixed - WARNING - ⚠️ 达到最大并发持仓: 3
17:01:33 - ProfessionalComplexFixed - INFO - 🔄 市场状态变更: TRENDING -> RANGING (置信度: 0.70)
17:01:35 - ProfessionalComplexFixed - INFO - 🔄 市场状态变更: RANGING -> TRENDING (置信度: 0.80)
17:01:36 - ProfessionalComplexFixed - INFO - 🔄 市场状态变更: TRENDING -> RANGING (置信度: 0.69)
17:01:37 - ProfessionalComplexFixed - INFO - 🔄 市场状态变更: RANGING -> TRENDING (置信度: 0.80)
17:01:38 - ProfessionalComplexFixed - INFO - 🔄 市场状态变更: TRENDING -> RANGING (置信度: 0.70)
17:01:40 - ProfessionalComplexFixed - INFO - 🔄 市场状态变更: RANGING -> TRENDING (置信度: 0.80)
17:01:41 - ProfessionalComplexFixed - INFO - 🔄 市场状态变更: TRENDING -> RANGING (置信度: 0.69)
17:01:42 - ProfessionalComplexFixed - INFO - 🔄 市场状态变更: RANGING -> TRENDING (置信度: 0.80)
17:01:43 - ProfessionalComplexFixed - INFO - 🔄 市场状态变更: TRENDING -> RANGING (置信度: 0.69)
17:01:45 - ProfessionalComplexFixed - INFO - 🔄 市场状态变更: RANGING -> TRENDING (置信度: 0.80)
17:01:47 - ProfessionalComplexFixed - INFO - 🔄 市场状态变更: TRENDING -> RANGING (置信度: 0.70)
17:01:49 - ProfessionalComplexFixed - INFO - 🔄 市场状态变更: RANGING -> TRENDING (置信度: 0.80)
17:01:52 - ProfessionalComplexFixed - INFO - 🔄 市场状态变更: TRENDING -> RANGING (置信度: 0.70)
17:01:53 - ProfessionalComplexFixed - INFO - 🔄 市场状态变更: RANGING -> TRENDING (置信度: 0.80)
17:01:54 - ProfessionalComplexFixed - INFO - 🔄 市场状态变更: TRENDING -> RANGING (置信度: 0.70)
17:01:57 - ProfessionalComplexFixed - INFO - 🔄 市场状态变更: RANGING -> TRENDING (置信度: 0.80)
17:02:03 - ProfessionalComplexFixed - INFO - 🔄 市场状态变更: TRENDING -> RANGING (置信度: 0.69)
17:02:04 - ProfessionalComplexFixed - INFO - 🔄 市场状态变更: RANGING -> TRENDING (置信度: 0.69)
17:02:05 - ProfessionalComplexFixed - INFO - 🔄 市场状态变更: TRENDING -> RANGING (置信度: 0.90)
17:02:13 - ProfessionalComplexFixed - INFO - ✅ 部分平仓成功: 0.30000000000000004手 @ 4136.83
17:02:13 - ProfessionalComplexFixed - INFO - 🎯 达到止盈目标TP1 (4137.05)，部分平仓: 0.30000000000000004手
17:02:13 - ProfessionalComplexFixed - WARNING - ⚠️ 更新止盈价格失败: 10016 - Invalid stops
17:02:14 - ProfessionalComplexFixed - INFO - ✅ 部分平仓成功: 0.2手 @ 4137.18
17:02:14 - ProfessionalComplexFixed - INFO - 🎯 达到止盈目标TP1 (4137.31)，部分平仓: 0.2手
17:02:14 - ProfessionalComplexFixed - INFO - ✅ 部分平仓成功: 0.2手 @ 4137.17
17:02:14 - ProfessionalComplexFixed - INFO - 🎯 达到止盈目标TP1 (4137.25)，部分平仓: 0.2手
17:02:42 - ProfessionalComplexFixed - INFO - 🔄 市场状态变更: RANGING -> VOLATILE (置信度: 0.92)
17:02:43 - ProfessionalComplexFixed - INFO - 🔄 市场状态变更: VOLATILE -> RANGING (置信度: 0.98)
17:02:44 - ProfessionalComplexFixed - INFO - ✅ 部分平仓成功: 0.30000000000000004手 @ 4138.54
17:02:44 - ProfessionalComplexFixed - INFO - 🎯 达到止盈目标TP1 (4138.71)，部分平仓: 0.30000000000000004手
17:02:44 - ProfessionalComplexFixed - WARNING - ⚠️ 更新止盈价格失败: 10016 - Invalid stops
17:02:44 - ProfessionalComplexFixed - INFO - 🔄 市场状态变更: RANGING -> VOLATILE (置信度: 1.00)
17:02:48 - ProfessionalComplexFixed - INFO - ✅ 部分平仓成功: 0.2手 @ 4139.15
17:02:48 - ProfessionalComplexFixed - INFO - 🎯 达到止盈目标TP1 (4139.37)，部分平仓: 0.2手
17:03:35 - ProfessionalComplexFixed - INFO - ✅ 部分平仓成功: 0.2手 @ 4139.40
17:03:35 - ProfessionalComplexFixed - INFO - 🎯 达到止盈目标TP1 (4139.64)，部分平仓: 0.2手
17:04:48 - ProfessionalComplexFixed - INFO - ✅ 部分平仓成功: 0.2手 @ 4140.38
17:04:48 - ProfessionalComplexFixed - INFO - 🎯 达到止盈目标TP1 (4140.54)，部分平仓: 0.2手
17:04:56 - ProfessionalComplexFixed - INFO - ✅ 部分平仓成功: 0.2手 @ 4141.31
17:04:56 - ProfessionalComplexFixed - INFO - 🎯 达到止盈目标TP1 (4141.42)，部分平仓: 0.2手
17:05:45 - ProfessionalComplexFixed - INFO - ✅ 部分平仓成功: 0.1手 @ 4141.79
17:05:45 - ProfessionalComplexFixed - INFO - 🎯 达到止盈目标TP1 (4142.04)，部分平仓: 0.1手
17:06:01 - ProfessionalComplexFixed - INFO - ⚠️ 收到中断信号，停止策略...
17:06:01 - ProfessionalComplexFixed - INFO - 🛑 停止策略...
17:06:01 - ProfessionalComplexFixed - INFO - 当前持仓数: 2
17:06:01 - ProfessionalComplexFixed - INFO - 今日交易数: 3
17:06:01 - ProfessionalComplexFixed - INFO - 🛑 关闭MT5连接...
17:06:01 - ProfessionalComplexFixed - INFO - ✅ 程序已退出
17:36:01 - ProfessionalComplexFixed - INFO - ✅ 账户连接成功: 70724849 | 余额: 295556.70 | 服务器: PlotioGlobalFinancial-Demo
17:36:01 - ProfessionalComplexFixed - INFO - 🔍 开始寻找有效交易品种...
17:36:01 - ProfessionalComplexFixed - INFO - 🔍 开始寻找有效交易品种...
17:36:01 - ProfessionalComplexFixed - INFO - 🧪 测试品种: Gold
17:36:01 - ProfessionalComplexFixed - INFO -   Tick分析: 总计1570个, 有效1570个, 无效价格0个
17:36:01 - ProfessionalComplexFixed - INFO -   点差统计: 最小5000.0点, 最大5000.0点, 平均5000.0点, 中位数5000.0点
17:36:01 - ProfessionalComplexFixed - INFO -   数据质量: 1570个有效Tick, 平均点差: 5000.0, 最大点差: 5000.0
17:36:01 - ProfessionalComplexFixed - INFO - ✅ 找到有效品种: Gold
17:36:01 - ProfessionalComplexFixed - INFO - 📊 品种信息:
17:36:01 - ProfessionalComplexFixed - INFO -    名称: Gold
17:36:01 - ProfessionalComplexFixed - INFO -    当前价格: 4144.33 / 4144.83
17:36:01 - ProfessionalComplexFixed - INFO -    点差: 5000.0点
17:36:01 - ProfessionalComplexFixed - INFO -    精度: 2位
17:36:01 - ProfessionalComplexFixed - INFO - 🚀 初始化策略组件...
17:36:01 - ProfessionalComplexFixed - INFO - ============================================================
17:36:01 - ProfessionalComplexFixed - INFO - ✅ 所有组件初始化完成
17:36:01 - ProfessionalComplexFixed - INFO - 📈 开始运行策略...
17:36:01 - ProfessionalComplexFixed - INFO - 💡 按 Ctrl+C 停止策略
17:36:01 - ProfessionalComplexFixed - INFO - ============================================================
17:36:01 - ProfessionalComplexFixed - INFO - 🚀 启动策略主循环...
17:36:01 - ProfessionalComplexFixed - INFO - 📊 数据收集阶段...
17:36:03 - ProfessionalComplexFixed - INFO - ✅ 数据引擎初始化完成 - 有效Tick: 30
17:36:03 - ProfessionalComplexFixed - INFO - === 数据引擎初始化状态 ===
17:36:03 - ProfessionalComplexFixed - INFO - 品种: Gold
17:36:03 - ProfessionalComplexFixed - INFO - 缓冲区大小: 30
17:36:03 - ProfessionalComplexFixed - INFO - 数据质量: 30/30 (100.0%)
17:36:03 - ProfessionalComplexFixed - INFO - 平均点差: 5000.0点
17:36:03 - ProfessionalComplexFixed - INFO - Tick频率: 16.6Hz
17:36:03 - ProfessionalComplexFixed - INFO - =========================
17:36:31 - ProfessionalComplexFixed - INFO - ✅ 数据收集完成，开始交易循环...
17:36:31 - ProfessionalComplexFixed - INFO - 🔄 市场状态变更: UNCERTAIN -> TRENDING (置信度: 0.91)
17:36:34 - ProfessionalComplexFixed - INFO - 🔄 市场状态变更: TRENDING -> RANGING (置信度: 0.89)
17:37:19 - ProfessionalComplexFixed - INFO - 🔄 市场状态变更: RANGING -> TRENDING (置信度: 0.91)
17:37:21 - ProfessionalComplexFixed - INFO - 🔄 市场状态变更: TRENDING -> RANGING (置信度: 0.83)
17:37:26 - ProfessionalComplexFixed - INFO - 🔄 市场状态变更: RANGING -> TRENDING (置信度: 0.91)
17:37:28 - ProfessionalComplexFixed - INFO - 🔄 市场状态变更: TRENDING -> RANGING (置信度: 0.87)
17:38:06 - ProfessionalComplexFixed - INFO - 🔄 市场状态变更: RANGING -> TRENDING (置信度: 0.91)
17:38:07 - ProfessionalComplexFixed - INFO - 🔄 市场状态变更: TRENDING -> RANGING (置信度: 0.83)
17:38:08 - ProfessionalComplexFixed - INFO - 🔄 市场状态变更: RANGING -> TRENDING (置信度: 0.91)
17:38:09 - ProfessionalComplexFixed - INFO - 🔄 市场状态变更: TRENDING -> RANGING (置信度: 0.82)
17:38:10 - ProfessionalComplexFixed - INFO - 🔄 市场状态变更: RANGING -> TRENDING (置信度: 0.91)
17:38:11 - ProfessionalComplexFixed - INFO - 🔄 市场状态变更: TRENDING -> RANGING (置信度: 0.82)
17:38:13 - ProfessionalComplexFixed - INFO - 🔄 市场状态变更: RANGING -> TRENDING (置信度: 0.91)
17:38:16 - ProfessionalComplexFixed - INFO - 🔄 市场状态变更: TRENDING -> RANGING (置信度: 0.73)
17:38:17 - ProfessionalComplexFixed - INFO - 🔄 市场状态变更: RANGING -> TRENDING (置信度: 0.91)
17:38:19 - ProfessionalComplexFixed - INFO - 📈 生成信号: SELL 强度: 0.68 价格: 4143.88
17:38:20 - ProfessionalComplexFixed - INFO - ✅ 开仓成功: SELL 1.1手 @ 4143.63 (订单号: 14965550)
17:38:20 - ProfessionalComplexFixed - INFO - 📊 保存多目标止盈: 3个目标
17:38:20 - ProfessionalComplexFixed - WARNING - ⚠️ 止盈止损设置失败: 10016 - Invalid stops
17:38:20 - ProfessionalComplexFixed - WARNING - ⚠️ 重试后仍失败: 10016 - Invalid stops
17:38:25 - ProfessionalComplexFixed - INFO - 🔄 市场状态变更: TRENDING -> RANGING (置信度: 0.73)
17:38:26 - ProfessionalComplexFixed - INFO - 🔄 市场状态变更: RANGING -> TRENDING (置信度: 0.91)
17:38:27 - ProfessionalComplexFixed - INFO - 📈 生成信号: SELL 强度: 0.68 价格: 4144.01
17:38:27 - ProfessionalComplexFixed - INFO - ✅ 开仓成功: SELL 1.1手 @ 4143.76 (订单号: 14965551)
17:38:27 - ProfessionalComplexFixed - INFO - 📊 保存多目标止盈: 3个目标
17:38:27 - ProfessionalComplexFixed - WARNING - ⚠️ 止盈止损设置失败: 10016 - Invalid stops
17:38:28 - ProfessionalComplexFixed - WARNING - ⚠️ 重试后仍失败: 10016 - Invalid stops
17:38:32 - ProfessionalComplexFixed - INFO - 🔄 市场状态变更: TRENDING -> RANGING (置信度: 0.78)
17:38:40 - ProfessionalComplexFixed - INFO - 🔄 市场状态变更: RANGING -> TRENDING (置信度: 0.80)
17:38:42 - ProfessionalComplexFixed - INFO - 🔄 市场状态变更: TRENDING -> RANGING (置信度: 0.79)
17:38:47 - ProfessionalComplexFixed - INFO - 🔄 市场状态变更: RANGING -> TRENDING (置信度: 0.80)
17:38:51 - ProfessionalComplexFixed - INFO - 🔄 市场状态变更: TRENDING -> RANGING (置信度: 0.78)
17:38:52 - ProfessionalComplexFixed - INFO - 🔄 市场状态变更: RANGING -> TRENDING (置信度: 0.80)
17:38:55 - ProfessionalComplexFixed - INFO - 🔄 市场状态变更: TRENDING -> RANGING (置信度: 0.79)
17:39:02 - ProfessionalComplexFixed - INFO - 🔄 市场状态变更: RANGING -> TRENDING (置信度: 0.80)
17:39:04 - ProfessionalComplexFixed - INFO - 🔄 市场状态变更: TRENDING -> RANGING (置信度: 0.78)
17:39:07 - ProfessionalComplexFixed - INFO - 🔄 市场状态变更: RANGING -> TRENDING (置信度: 0.80)
17:39:08 - ProfessionalComplexFixed - INFO - 🔄 市场状态变更: TRENDING -> RANGING (置信度: 0.79)
17:39:11 - ProfessionalComplexFixed - INFO - 🔄 市场状态变更: RANGING -> TRENDING (置信度: 0.80)
17:39:15 - ProfessionalComplexFixed - INFO - 🔄 市场状态变更: TRENDING -> RANGING (置信度: 0.78)
17:39:22 - ProfessionalComplexFixed - INFO - 🔄 市场状态变更: RANGING -> TRENDING (置信度: 0.80)
17:39:24 - ProfessionalComplexFixed - INFO - 🔄 市场状态变更: TRENDING -> RANGING (置信度: 0.78)
17:39:26 - ProfessionalComplexFixed - INFO - 🔄 市场状态变更: RANGING -> TRENDING (置信度: 0.80)
17:39:27 - ProfessionalComplexFixed - INFO - 🔄 市场状态变更: TRENDING -> RANGING (置信度: 0.78)
17:39:31 - ProfessionalComplexFixed - INFO - 🔄 市场状态变更: RANGING -> TRENDING (置信度: 0.80)
17:39:35 - ProfessionalComplexFixed - INFO - 🔄 市场状态变更: TRENDING -> RANGING (置信度: 0.79)
17:39:37 - ProfessionalComplexFixed - INFO - 🔄 市场状态变更: RANGING -> TRENDING (置信度: 0.80)
17:39:38 - ProfessionalComplexFixed - INFO - 🔄 市场状态变更: TRENDING -> RANGING (置信度: 0.79)
17:39:40 - ProfessionalComplexFixed - INFO - 🔄 市场状态变更: RANGING -> TRENDING (置信度: 0.91)
17:39:42 - ProfessionalComplexFixed - INFO - 🔄 市场状态变更: TRENDING -> RANGING (置信度: 0.73)
17:39:43 - ProfessionalComplexFixed - INFO - 🔄 市场状态变更: RANGING -> TRENDING (置信度: 0.91)
17:39:44 - ProfessionalComplexFixed - INFO - 📈 生成信号: SELL 强度: 0.68 价格: 4143.87
17:39:44 - ProfessionalComplexFixed - INFO - ✅ 开仓成功: SELL 1.1手 @ 4143.62 (订单号: 14965553)
17:39:44 - ProfessionalComplexFixed - INFO - 📊 保存多目标止盈: 3个目标
17:39:44 - ProfessionalComplexFixed - WARNING - ⚠️ 止盈止损设置失败: 10016 - Invalid stops
17:39:44 - ProfessionalComplexFixed - WARNING - ⚠️ 重试后仍失败: 10016 - Invalid stops
17:39:49 - ProfessionalComplexFixed - INFO - 🔄 市场状态变更: TRENDING -> RANGING (置信度: 0.73)
17:39:50 - ProfessionalComplexFixed - INFO - 🔄 市场状态变更: RANGING -> TRENDING (置信度: 0.91)
17:39:51 - ProfessionalComplexFixed - INFO - 🔄 市场状态变更: TRENDING -> RANGING (置信度: 0.73)
17:39:55 - ProfessionalComplexFixed - INFO - 🔄 市场状态变更: RANGING -> TRENDING (置信度: 0.80)
17:39:56 - ProfessionalComplexFixed - INFO - 🔄 市场状态变更: TRENDING -> RANGING (置信度: 0.78)
17:39:59 - ProfessionalComplexFixed - INFO - 🔄 市场状态变更: RANGING -> TRENDING (置信度: 0.80)
17:40:02 - ProfessionalComplexFixed - INFO - 🔄 市场状态变更: TRENDING -> RANGING (置信度: 0.77)
17:40:03 - ProfessionalComplexFixed - INFO - 🔄 市场状态变更: RANGING -> TRENDING (置信度: 0.80)
17:40:04 - ProfessionalComplexFixed - INFO - 🔄 市场状态变更: TRENDING -> RANGING (置信度: 0.78)
17:40:08 - ProfessionalComplexFixed - INFO - 🔄 市场状态变更: RANGING -> TRENDING (置信度: 0.80)
17:40:10 - ProfessionalComplexFixed - INFO - 🔄 市场状态变更: TRENDING -> RANGING (置信度: 0.78)
17:40:11 - ProfessionalComplexFixed - INFO - 🔄 市场状态变更: RANGING -> TRENDING (置信度: 0.80)
17:40:13 - ProfessionalComplexFixed - INFO - 🔄 市场状态变更: TRENDING -> RANGING (置信度: 0.78)
17:40:19 - ProfessionalComplexFixed - INFO - 🔄 市场状态变更: RANGING -> TRENDING (置信度: 0.80)
17:40:20 - ProfessionalComplexFixed - INFO - 🔄 市场状态变更: TRENDING -> RANGING (置信度: 0.78)
17:40:22 - ProfessionalComplexFixed - INFO - 🔄 市场状态变更: RANGING -> TRENDING (置信度: 0.80)
17:40:25 - ProfessionalComplexFixed - INFO - 🔄 市场状态变更: TRENDING -> RANGING (置信度: 0.78)
17:40:26 - ProfessionalComplexFixed - INFO - 🔄 市场状态变更: RANGING -> TRENDING (置信度: 0.80)
17:40:27 - ProfessionalComplexFixed - INFO - 🔄 市场状态变更: TRENDING -> RANGING (置信度: 0.78)
17:40:32 - ProfessionalComplexFixed - INFO - 🔄 市场状态变更: RANGING -> TRENDING (置信度: 0.80)
17:40:34 - ProfessionalComplexFixed - INFO - 🔄 市场状态变更: TRENDING -> RANGING (置信度: 0.78)
17:40:36 - ProfessionalComplexFixed - INFO - 🔄 市场状态变更: RANGING -> TRENDING (置信度: 0.80)
17:40:37 - ProfessionalComplexFixed - INFO - 🔄 市场状态变更: TRENDING -> RANGING (置信度: 0.78)
17:40:41 - ProfessionalComplexFixed - INFO - 🔄 市场状态变更: RANGING -> TRENDING (置信度: 0.80)
17:40:43 - ProfessionalComplexFixed - INFO - 🔄 市场状态变更: TRENDING -> RANGING (置信度: 0.78)
17:40:45 - ProfessionalComplexFixed - INFO - 🔄 市场状态变更: RANGING -> TRENDING (置信度: 0.80)
17:40:47 - ProfessionalComplexFixed - INFO - 🔄 市场状态变更: TRENDING -> RANGING (置信度: 0.78)
17:40:48 - ProfessionalComplexFixed - INFO - 🔄 市场状态变更: RANGING -> TRENDING (置信度: 0.80)
17:40:51 - ProfessionalComplexFixed - INFO - 🔄 市场状态变更: TRENDING -> RANGING (置信度: 0.78)
17:40:58 - ProfessionalComplexFixed - INFO - 🔄 市场状态变更: RANGING -> TRENDING (置信度: 0.80)
17:40:59 - ProfessionalComplexFixed - INFO - 🔄 市场状态变更: TRENDING -> RANGING (置信度: 0.78)
17:41:00 - ProfessionalComplexFixed - INFO - 🔄 市场状态变更: RANGING -> TRENDING (置信度: 0.80)
17:41:01 - ProfessionalComplexFixed - INFO - 🔄 市场状态变更: TRENDING -> RANGING (置信度: 0.76)
17:41:02 - ProfessionalComplexFixed - INFO - 🔄 市场状态变更: RANGING -> TRENDING (置信度: 0.80)
17:41:03 - ProfessionalComplexFixed - INFO - 🔄 市场状态变更: TRENDING -> RANGING (置信度: 0.78)
17:41:04 - ProfessionalComplexFixed - INFO - 🔄 市场状态变更: RANGING -> TRENDING (置信度: 0.80)
17:41:07 - ProfessionalComplexFixed - INFO - 🔄 市场状态变更: TRENDING -> RANGING (置信度: 0.78)
17:41:12 - ProfessionalComplexFixed - INFO - 🔄 市场状态变更: RANGING -> TRENDING (置信度: 0.80)
17:41:13 - ProfessionalComplexFixed - INFO - 🔄 市场状态变更: TRENDING -> RANGING (置信度: 0.78)
17:41:16 - ProfessionalComplexFixed - INFO - 🔄 市场状态变更: RANGING -> TRENDING (置信度: 0.80)
17:41:19 - ProfessionalComplexFixed - INFO - 🔄 市场状态变更: TRENDING -> RANGING (置信度: 0.78)
17:41:21 - ProfessionalComplexFixed - INFO - 🔄 市场状态变更: RANGING -> TRENDING (置信度: 0.80)
17:41:23 - ProfessionalComplexFixed - INFO - 🔄 市场状态变更: TRENDING -> RANGING (置信度: 0.78)
17:41:26 - ProfessionalComplexFixed - INFO - 🔄 市场状态变更: RANGING -> TRENDING (置信度: 0.80)
17:41:27 - ProfessionalComplexFixed - INFO - 🔄 市场状态变更: TRENDING -> RANGING (置信度: 0.78)
17:41:32 - ProfessionalComplexFixed - INFO - 🔄 市场状态变更: RANGING -> TRENDING (置信度: 0.80)
17:41:33 - ProfessionalComplexFixed - INFO - 🔄 市场状态变更: TRENDING -> RANGING (置信度: 0.78)
17:41:35 - ProfessionalComplexFixed - INFO - 🔄 市场状态变更: RANGING -> TRENDING (置信度: 0.80)
17:41:36 - ProfessionalComplexFixed - INFO - 🔄 市场状态变更: TRENDING -> RANGING (置信度: 0.77)
17:41:39 - ProfessionalComplexFixed - INFO - 🔄 市场状态变更: RANGING -> TRENDING (置信度: 0.80)
17:41:43 - ProfessionalComplexFixed - INFO - 🔄 市场状态变更: TRENDING -> RANGING (置信度: 0.78)
17:41:46 - ProfessionalComplexFixed - INFO - 🔄 市场状态变更: RANGING -> TRENDING (置信度: 0.80)
17:41:47 - ProfessionalComplexFixed - INFO - 🔄 市场状态变更: TRENDING -> RANGING (置信度: 0.78)
17:41:48 - ProfessionalComplexFixed - INFO - 🔄 市场状态变更: RANGING -> TRENDING (置信度: 0.80)
17:41:49 - ProfessionalComplexFixed - INFO - 🔄 市场状态变更: TRENDING -> RANGING (置信度: 0.78)
17:41:52 - ProfessionalComplexFixed - INFO - 🔄 市场状态变更: RANGING -> TRENDING (置信度: 0.80)
17:41:54 - ProfessionalComplexFixed - INFO - 🔄 市场状态变更: TRENDING -> RANGING (置信度: 0.78)
17:41:58 - ProfessionalComplexFixed - INFO - 🔄 市场状态变更: RANGING -> TRENDING (置信度: 0.80)
17:42:01 - ProfessionalComplexFixed - INFO - 🔄 市场状态变更: TRENDING -> RANGING (置信度: 0.78)
17:42:03 - ProfessionalComplexFixed - INFO - 🔄 市场状态变更: RANGING -> TRENDING (置信度: 0.80)
17:42:05 - ProfessionalComplexFixed - INFO - 🔄 市场状态变更: TRENDING -> RANGING (置信度: 0.78)
17:42:12 - ProfessionalComplexFixed - INFO - 🔄 市场状态变更: RANGING -> TRENDING (置信度: 0.80)
17:42:13 - ProfessionalComplexFixed - INFO - 🔄 市场状态变更: TRENDING -> RANGING (置信度: 0.78)
17:42:14 - ProfessionalComplexFixed - INFO - 🔄 市场状态变更: RANGING -> TRENDING (置信度: 0.80)
17:42:16 - ProfessionalComplexFixed - INFO - 🔄 市场状态变更: TRENDING -> RANGING (置信度: 0.78)
17:42:17 - ProfessionalComplexFixed - INFO - 🔄 市场状态变更: RANGING -> TRENDING (置信度: 0.80)
17:42:19 - ProfessionalComplexFixed - INFO - 🔄 市场状态变更: TRENDING -> RANGING (置信度: 0.78)
17:42:22 - ProfessionalComplexFixed - INFO - 🔄 市场状态变更: RANGING -> TRENDING (置信度: 0.80)
17:42:23 - ProfessionalComplexFixed - INFO - 🔄 市场状态变更: TRENDING -> RANGING (置信度: 0.78)
17:42:27 - ProfessionalComplexFixed - INFO - 🔄 市场状态变更: RANGING -> TRENDING (置信度: 0.80)
17:42:28 - ProfessionalComplexFixed - INFO - 🔄 市场状态变更: TRENDING -> RANGING (置信度: 0.78)
17:42:29 - ProfessionalComplexFixed - INFO - 🔄 市场状态变更: RANGING -> TRENDING (置信度: 0.80)
17:42:31 - ProfessionalComplexFixed - INFO - 🔄 市场状态变更: TRENDING -> RANGING (置信度: 0.78)
17:42:33 - ProfessionalComplexFixed - INFO - 🔄 市场状态变更: RANGING -> TRENDING (置信度: 0.80)
17:42:34 - ProfessionalComplexFixed - INFO - 🔄 市场状态变更: TRENDING -> RANGING (置信度: 0.78)
17:42:36 - ProfessionalComplexFixed - INFO - 🔄 市场状态变更: RANGING -> TRENDING (置信度: 0.80)
17:42:37 - ProfessionalComplexFixed - INFO - 🔄 市场状态变更: TRENDING -> RANGING (置信度: 0.78)
17:42:42 - ProfessionalComplexFixed - INFO - 🔄 市场状态变更: RANGING -> TRENDING (置信度: 0.80)
17:42:44 - ProfessionalComplexFixed - INFO - 🔄 市场状态变更: TRENDING -> RANGING (置信度: 0.78)
17:42:45 - ProfessionalComplexFixed - INFO - 🔄 市场状态变更: RANGING -> TRENDING (置信度: 0.80)
17:42:46 - ProfessionalComplexFixed - INFO - 🔄 市场状态变更: TRENDING -> RANGING (置信度: 0.78)
17:42:47 - ProfessionalComplexFixed - INFO - 🔄 市场状态变更: RANGING -> TRENDING (置信度: 0.80)
17:42:48 - ProfessionalComplexFixed - INFO - 🔄 市场状态变更: TRENDING -> RANGING (置信度: 0.78)
17:42:49 - ProfessionalComplexFixed - INFO - ⚠️ 收到中断信号，停止策略...
17:42:49 - ProfessionalComplexFixed - INFO - 🛑 停止策略...
17:42:49 - ProfessionalComplexFixed - INFO - 当前持仓数: 3
17:42:49 - ProfessionalComplexFixed - INFO - 今日交易数: 3
17:42:49 - ProfessionalComplexFixed - INFO - 🛑 关闭MT5连接...
17:42:49 - ProfessionalComplexFixed - INFO - ✅ 程序已退出
17:56:04 - ProfessionalComplexFixed - INFO - ✅ 账户连接成功: 70724849 | 余额: 295391.70 | 服务器: PlotioGlobalFinancial-Demo
17:56:04 - ProfessionalComplexFixed - INFO - 🔍 开始寻找有效交易品种...
17:56:04 - ProfessionalComplexFixed - INFO - 🔍 开始寻找有效交易品种...
17:56:04 - ProfessionalComplexFixed - INFO - 🧪 测试品种: Gold
17:56:04 - ProfessionalComplexFixed - INFO -   Tick分析: 总计1368个, 有效1368个, 无效价格0个
17:56:04 - ProfessionalComplexFixed - INFO -   点差统计: 最小5000.0点, 最大5000.0点, 平均5000.0点, 中位数5000.0点
17:56:04 - ProfessionalComplexFixed - INFO -   数据质量: 1368个有效Tick, 平均点差: 5000.0, 最大点差: 5000.0
17:56:04 - ProfessionalComplexFixed - INFO - ✅ 找到有效品种: Gold
17:56:04 - ProfessionalComplexFixed - INFO - 📊 品种信息:
17:56:04 - ProfessionalComplexFixed - INFO -    名称: Gold
17:56:04 - ProfessionalComplexFixed - INFO -    当前价格: 4143.99 / 4144.49
17:56:04 - ProfessionalComplexFixed - INFO -    点差: 5000.0点
17:56:04 - ProfessionalComplexFixed - INFO -    精度: 2位
17:56:04 - ProfessionalComplexFixed - INFO - 🚀 初始化策略组件...
17:56:04 - ProfessionalComplexFixed - INFO - ============================================================
17:56:04 - ProfessionalComplexFixed - INFO - ✅ 所有组件初始化完成
17:56:04 - ProfessionalComplexFixed - INFO - 📈 开始运行策略...
17:56:04 - ProfessionalComplexFixed - INFO - 💡 按 Ctrl+C 停止策略
17:56:04 - ProfessionalComplexFixed - INFO - ============================================================
17:56:04 - ProfessionalComplexFixed - INFO - 🚀 启动策略主循环...
17:56:04 - ProfessionalComplexFixed - INFO - 📊 数据收集阶段...
17:56:05 - ProfessionalComplexFixed - INFO - ✅ 数据引擎初始化完成 - 有效Tick: 30
17:56:05 - ProfessionalComplexFixed - INFO - === 数据引擎初始化状态 ===
17:56:05 - ProfessionalComplexFixed - INFO - 品种: Gold
17:56:05 - ProfessionalComplexFixed - INFO - 缓冲区大小: 30
17:56:05 - ProfessionalComplexFixed - INFO - 数据质量: 30/30 (100.0%)
17:56:05 - ProfessionalComplexFixed - INFO - 平均点差: 5000.0点
17:56:05 - ProfessionalComplexFixed - INFO - Tick频率: 18.8Hz
17:56:05 - ProfessionalComplexFixed - INFO - =========================
17:56:34 - ProfessionalComplexFixed - INFO - ✅ 数据收集完成，开始交易循环...
17:56:34 - ProfessionalComplexFixed - INFO - 🔄 市场状态变更: UNCERTAIN -> TRENDING (置信度: 0.80)
17:56:34 - ProfessionalComplexFixed - INFO - 📈 生成信号: BUY 强度: 0.68 价格: 4143.53
17:56:34 - ProfessionalComplexFixed - WARNING - ⚠️ 达到最大并发持仓: 3
17:56:41 - ProfessionalComplexFixed - INFO - 📈 生成信号: BUY 强度: 0.68 价格: 4143.51
17:56:41 - ProfessionalComplexFixed - WARNING - ⚠️ 达到最大并发持仓: 3
17:56:47 - ProfessionalComplexFixed - INFO - 🔄 市场状态变更: TRENDING -> RANGING (置信度: 0.75)
17:56:48 - ProfessionalComplexFixed - INFO - 🔄 市场状态变更: RANGING -> TRENDING (置信度: 0.80)
17:56:49 - ProfessionalComplexFixed - INFO - 📈 生成信号: BUY 强度: 0.68 价格: 4142.91
17:56:49 - ProfessionalComplexFixed - WARNING - ⚠️ 达到最大并发持仓: 3
17:56:56 - ProfessionalComplexFixed - INFO - 📈 生成信号: SELL 强度: 0.55 价格: 4143.06
17:56:56 - ProfessionalComplexFixed - WARNING - ⚠️ 达到最大并发持仓: 3
17:57:00 - ProfessionalComplexFixed - INFO - 🔄 市场状态变更: TRENDING -> RANGING (置信度: 0.70)
17:57:02 - ProfessionalComplexFixed - INFO - 🔄 市场状态变更: RANGING -> TRENDING (置信度: 0.80)
17:57:02 - ProfessionalComplexFixed - INFO - 📈 生成信号: BUY 强度: 0.68 价格: 4142.86
17:57:02 - ProfessionalComplexFixed - WARNING - ⚠️ 达到最大并发持仓: 3
17:57:05 - ProfessionalComplexFixed - INFO - 📈 生成信号: SELL 强度: 0.55 价格: 4143.01
17:57:05 - ProfessionalComplexFixed - WARNING - ⚠️ 达到最大并发持仓: 3
17:57:09 - ProfessionalComplexFixed - INFO - 🔄 市场状态变更: TRENDING -> RANGING (置信度: 0.96)
18:02:32 - ProfessionalComplexFixed - INFO - 🔄 市场状态变更: RANGING -> VOLATILE (置信度: 0.97)
18:02:39 - ProfessionalComplexFixed - INFO - 🔄 市场状态变更: VOLATILE -> RANGING (置信度: 0.99)
18:02:46 - ProfessionalComplexFixed - INFO - 🔄 市场状态变更: RANGING -> VOLATILE (置信度: 0.99)
18:02:47 - ProfessionalComplexFixed - INFO - 🔄 市场状态变更: VOLATILE -> RANGING (置信度: 1.00)
18:02:48 - ProfessionalComplexFixed - INFO - 🔄 市场状态变更: RANGING -> VOLATILE (置信度: 1.00)
18:03:53 - ProfessionalComplexFixed - INFO - 🔄 市场状态变更: VOLATILE -> RANGING (置信度: 1.00)
18:03:54 - ProfessionalComplexFixed - INFO - 🔄 市场状态变更: RANGING -> VOLATILE (置信度: 1.00)
18:04:59 - ProfessionalComplexFixed - INFO - 🔄 市场状态变更: VOLATILE -> RANGING (置信度: 1.00)
18:05:00 - ProfessionalComplexFixed - INFO - 🔄 市场状态变更: RANGING -> VOLATILE (置信度: 1.00)
18:06:21 - ProfessionalComplexFixed - INFO - 🔄 市场状态变更: VOLATILE -> RANGING (置信度: 1.00)
18:06:22 - ProfessionalComplexFixed - INFO - 🔄 市场状态变更: RANGING -> VOLATILE (置信度: 1.00)
18:06:33 - ProfessionalComplexFixed - INFO - 🔄 市场状态变更: VOLATILE -> RANGING (置信度: 1.00)
18:06:34 - ProfessionalComplexFixed - INFO - 🔄 市场状态变更: RANGING -> VOLATILE (置信度: 1.00)
18:07:12 - ProfessionalComplexFixed - INFO - 🔄 市场状态变更: VOLATILE -> RANGING (置信度: 1.00)
18:07:13 - ProfessionalComplexFixed - INFO - 🔄 市场状态变更: RANGING -> VOLATILE (置信度: 1.00)
18:07:18 - ProfessionalComplexFixed - INFO - 🔄 市场状态变更: VOLATILE -> RANGING (置信度: 1.00)
18:07:19 - ProfessionalComplexFixed - INFO - 🔄 市场状态变更: RANGING -> VOLATILE (置信度: 1.00)
18:08:12 - ProfessionalComplexFixed - INFO - 🔄 市场状态变更: VOLATILE -> RANGING (置信度: 1.00)
18:08:13 - ProfessionalComplexFixed - INFO - 🔄 市场状态变更: RANGING -> VOLATILE (置信度: 1.00)
18:08:15 - ProfessionalComplexFixed - INFO - 🔄 市场状态变更: VOLATILE -> RANGING (置信度: 1.00)
18:08:17 - ProfessionalComplexFixed - INFO - 🔄 市场状态变更: RANGING -> VOLATILE (置信度: 1.00)
18:08:20 - ProfessionalComplexFixed - INFO - 🔄 市场状态变更: VOLATILE -> RANGING (置信度: 1.00)
18:08:22 - ProfessionalComplexFixed - INFO - 🔄 市场状态变更: RANGING -> VOLATILE (置信度: 1.00)
18:08:26 - ProfessionalComplexFixed - INFO - 🔄 市场状态变更: VOLATILE -> RANGING (置信度: 1.00)
18:08:27 - ProfessionalComplexFixed - INFO - 🔄 市场状态变更: RANGING -> VOLATILE (置信度: 1.00)
18:08:43 - ProfessionalComplexFixed - INFO - 🔄 市场状态变更: VOLATILE -> RANGING (置信度: 1.00)
18:08:46 - ProfessionalComplexFixed - INFO - 🔄 市场状态变更: RANGING -> VOLATILE (置信度: 1.00)
18:10:25 - ProfessionalComplexFixed - INFO - 🔄 市场状态变更: VOLATILE -> RANGING (置信度: 1.00)
18:10:26 - ProfessionalComplexFixed - INFO - 🔄 市场状态变更: RANGING -> VOLATILE (置信度: 1.00)
18:10:41 - ProfessionalComplexFixed - INFO - 🔄 市场状态变更: VOLATILE -> RANGING (置信度: 1.00)
18:10:42 - ProfessionalComplexFixed - INFO - 🔄 市场状态变更: RANGING -> VOLATILE (置信度: 1.00)
18:11:30 - ProfessionalComplexFixed - INFO - 🔄 市场状态变更: VOLATILE -> RANGING (置信度: 1.00)
18:11:31 - ProfessionalComplexFixed - INFO - 🔄 市场状态变更: RANGING -> VOLATILE (置信度: 1.00)
18:11:37 - ProfessionalComplexFixed - INFO - 🔄 市场状态变更: VOLATILE -> RANGING (置信度: 1.00)
18:11:39 - ProfessionalComplexFixed - INFO - 🔄 市场状态变更: RANGING -> VOLATILE (置信度: 1.00)
18:11:44 - ProfessionalComplexFixed - INFO - 🔄 市场状态变更: VOLATILE -> RANGING (置信度: 1.00)
18:11:45 - ProfessionalComplexFixed - INFO - 🔄 市场状态变更: RANGING -> VOLATILE (置信度: 1.00)
18:12:39 - ProfessionalComplexFixed - INFO - 🔄 市场状态变更: VOLATILE -> RANGING (置信度: 1.00)
18:12:40 - ProfessionalComplexFixed - INFO - 🔄 市场状态变更: RANGING -> VOLATILE (置信度: 1.00)
18:12:55 - ProfessionalComplexFixed - INFO - 🔄 市场状态变更: VOLATILE -> RANGING (置信度: 1.00)
18:12:59 - ProfessionalComplexFixed - INFO - 🔄 市场状态变更: RANGING -> VOLATILE (置信度: 1.00)
18:13:19 - ProfessionalComplexFixed - INFO - 🔄 市场状态变更: VOLATILE -> RANGING (置信度: 1.00)
18:13:20 - ProfessionalComplexFixed - INFO - 🔄 市场状态变更: RANGING -> VOLATILE (置信度: 1.00)
18:13:27 - ProfessionalComplexFixed - INFO - 🔄 市场状态变更: VOLATILE -> RANGING (置信度: 1.00)
18:13:28 - ProfessionalComplexFixed - INFO - 🔄 市场状态变更: RANGING -> VOLATILE (置信度: 1.00)
18:13:30 - ProfessionalComplexFixed - INFO - 🔄 市场状态变更: VOLATILE -> RANGING (置信度: 1.00)
18:13:31 - ProfessionalComplexFixed - INFO - 🔄 市场状态变更: RANGING -> VOLATILE (置信度: 1.00)
18:13:35 - ProfessionalComplexFixed - INFO - 🔄 市场状态变更: VOLATILE -> RANGING (置信度: 1.00)
18:13:36 - ProfessionalComplexFixed - INFO - 🔄 市场状态变更: RANGING -> VOLATILE (置信度: 1.00)
18:14:04 - ProfessionalComplexFixed - INFO - 🔄 市场状态变更: VOLATILE -> RANGING (置信度: 1.00)
18:14:06 - ProfessionalComplexFixed - INFO - 🔄 市场状态变更: RANGING -> VOLATILE (置信度: 1.00)
18:14:25 - ProfessionalComplexFixed - INFO - 🔄 市场状态变更: VOLATILE -> RANGING (置信度: 1.00)
18:14:26 - ProfessionalComplexFixed - INFO - 🔄 市场状态变更: RANGING -> VOLATILE (置信度: 1.00)
18:14:29 - ProfessionalComplexFixed - INFO - 🔄 市场状态变更: VOLATILE -> RANGING (置信度: 1.00)
18:14:31 - ProfessionalComplexFixed - INFO - 🔄 市场状态变更: RANGING -> VOLATILE (置信度: 1.00)
18:14:35 - ProfessionalComplexFixed - INFO - 🔄 市场状态变更: VOLATILE -> RANGING (置信度: 1.00)
18:14:37 - ProfessionalComplexFixed - INFO - 🔄 市场状态变更: RANGING -> VOLATILE (置信度: 1.00)
18:14:59 - ProfessionalComplexFixed - INFO - 🔄 市场状态变更: VOLATILE -> RANGING (置信度: 1.00)
18:15:00 - ProfessionalComplexFixed - INFO - 🔄 市场状态变更: RANGING -> VOLATILE (置信度: 1.00)
18:15:45 - ProfessionalComplexFixed - INFO - 🔄 市场状态变更: VOLATILE -> RANGING (置信度: 1.00)
18:15:47 - ProfessionalComplexFixed - INFO - 🔄 市场状态变更: RANGING -> VOLATILE (置信度: 1.00)
18:16:47 - ProfessionalComplexFixed - INFO - 🔄 市场状态变更: VOLATILE -> RANGING (置信度: 1.00)
18:16:48 - ProfessionalComplexFixed - INFO - 🔄 市场状态变更: RANGING -> VOLATILE (置信度: 1.00)
18:16:52 - ProfessionalComplexFixed - INFO - 🔄 市场状态变更: VOLATILE -> RANGING (置信度: 1.00)
18:16:54 - ProfessionalComplexFixed - INFO - 🔄 市场状态变更: RANGING -> VOLATILE (置信度: 1.00)
18:16:58 - ProfessionalComplexFixed - INFO - 🔄 市场状态变更: VOLATILE -> RANGING (置信度: 1.00)
18:16:59 - ProfessionalComplexFixed - INFO - 🔄 市场状态变更: RANGING -> VOLATILE (置信度: 1.00)
18:17:07 - ProfessionalComplexFixed - INFO - 🔄 市场状态变更: VOLATILE -> RANGING (置信度: 1.00)
18:17:08 - ProfessionalComplexFixed - INFO - 🔄 市场状态变更: RANGING -> VOLATILE (置信度: 1.00)
18:17:13 - ProfessionalComplexFixed - INFO - 🔄 市场状态变更: VOLATILE -> RANGING (置信度: 1.00)
18:17:14 - ProfessionalComplexFixed - INFO - 🔄 市场状态变更: RANGING -> VOLATILE (置信度: 1.00)
18:17:21 - ProfessionalComplexFixed - INFO - 🔄 市场状态变更: VOLATILE -> RANGING (置信度: 1.00)
18:17:22 - ProfessionalComplexFixed - INFO - 🔄 市场状态变更: RANGING -> VOLATILE (置信度: 1.00)
18:17:24 - ProfessionalComplexFixed - INFO - 🔄 市场状态变更: VOLATILE -> RANGING (置信度: 1.00)
18:17:25 - ProfessionalComplexFixed - INFO - 🔄 市场状态变更: RANGING -> VOLATILE (置信度: 1.00)
18:17:30 - ProfessionalComplexFixed - INFO - 🔄 市场状态变更: VOLATILE -> RANGING (置信度: 1.00)
18:17:31 - ProfessionalComplexFixed - INFO - 🔄 市场状态变更: RANGING -> VOLATILE (置信度: 1.00)
18:17:46 - ProfessionalComplexFixed - INFO - 🔄 市场状态变更: VOLATILE -> RANGING (置信度: 1.00)
18:17:48 - ProfessionalComplexFixed - INFO - 🔄 市场状态变更: RANGING -> VOLATILE (置信度: 1.00)
18:17:49 - ProfessionalComplexFixed - INFO - 🔄 市场状态变更: VOLATILE -> RANGING (置信度: 1.00)
18:17:50 - ProfessionalComplexFixed - INFO - 🔄 市场状态变更: RANGING -> VOLATILE (置信度: 1.00)
18:18:04 - ProfessionalComplexFixed - INFO - 🔄 市场状态变更: VOLATILE -> RANGING (置信度: 1.00)
18:18:05 - ProfessionalComplexFixed - INFO - 🔄 市场状态变更: RANGING -> VOLATILE (置信度: 1.00)
18:18:38 - ProfessionalComplexFixed - INFO - 🔄 市场状态变更: VOLATILE -> RANGING (置信度: 1.00)
18:18:39 - ProfessionalComplexFixed - INFO - 🔄 市场状态变更: RANGING -> VOLATILE (置信度: 1.00)
18:18:58 - ProfessionalComplexFixed - INFO - 🔄 市场状态变更: VOLATILE -> RANGING (置信度: 1.00)
18:18:59 - ProfessionalComplexFixed - INFO - 🔄 市场状态变更: RANGING -> VOLATILE (置信度: 1.00)
18:19:12 - ProfessionalComplexFixed - INFO - 🔄 市场状态变更: VOLATILE -> RANGING (置信度: 1.00)
18:19:13 - ProfessionalComplexFixed - INFO - 🔄 市场状态变更: RANGING -> VOLATILE (置信度: 1.00)
18:19:15 - ProfessionalComplexFixed - INFO - 🔄 市场状态变更: VOLATILE -> RANGING (置信度: 1.00)
18:19:16 - ProfessionalComplexFixed - INFO - 🔄 市场状态变更: RANGING -> VOLATILE (置信度: 1.00)
18:19:25 - ProfessionalComplexFixed - INFO - 🔄 市场状态变更: VOLATILE -> RANGING (置信度: 1.00)
18:19:26 - ProfessionalComplexFixed - INFO - 🔄 市场状态变更: RANGING -> VOLATILE (置信度: 1.00)
18:19:32 - ProfessionalComplexFixed - INFO - 🔄 市场状态变更: VOLATILE -> RANGING (置信度: 1.00)
18:19:33 - ProfessionalComplexFixed - INFO - 🔄 市场状态变更: RANGING -> VOLATILE (置信度: 1.00)
18:19:36 - ProfessionalComplexFixed - INFO - 🔄 市场状态变更: VOLATILE -> RANGING (置信度: 1.00)
18:19:37 - ProfessionalComplexFixed - INFO - 🔄 市场状态变更: RANGING -> VOLATILE (置信度: 1.00)
18:19:39 - ProfessionalComplexFixed - INFO - 🔄 市场状态变更: VOLATILE -> RANGING (置信度: 1.00)
18:19:40 - ProfessionalComplexFixed - INFO - 🔄 市场状态变更: RANGING -> VOLATILE (置信度: 1.00)
18:19:42 - ProfessionalComplexFixed - INFO - 🔄 市场状态变更: VOLATILE -> RANGING (置信度: 1.00)
18:19:44 - ProfessionalComplexFixed - INFO - 🔄 市场状态变更: RANGING -> VOLATILE (置信度: 1.00)
18:19:51 - ProfessionalComplexFixed - INFO - 🔄 市场状态变更: VOLATILE -> RANGING (置信度: 1.00)
18:19:52 - ProfessionalComplexFixed - INFO - 🔄 市场状态变更: RANGING -> VOLATILE (置信度: 1.00)
18:19:59 - ProfessionalComplexFixed - INFO - 🔄 市场状态变更: VOLATILE -> RANGING (置信度: 1.00)
18:20:01 - ProfessionalComplexFixed - INFO - 🔄 市场状态变更: RANGING -> VOLATILE (置信度: 1.00)
18:20:07 - ProfessionalComplexFixed - INFO - 🔄 市场状态变更: VOLATILE -> RANGING (置信度: 1.00)
18:20:08 - ProfessionalComplexFixed - INFO - 🔄 市场状态变更: RANGING -> VOLATILE (置信度: 1.00)
18:20:17 - ProfessionalComplexFixed - INFO - 🔄 市场状态变更: VOLATILE -> RANGING (置信度: 1.00)
18:20:18 - ProfessionalComplexFixed - INFO - 🔄 市场状态变更: RANGING -> VOLATILE (置信度: 1.00)
18:20:44 - ProfessionalComplexFixed - INFO - 🔄 市场状态变更: VOLATILE -> RANGING (置信度: 1.00)
18:20:45 - ProfessionalComplexFixed - INFO - 🔄 市场状态变更: RANGING -> VOLATILE (置信度: 1.00)
18:20:55 - ProfessionalComplexFixed - INFO - 🔄 市场状态变更: VOLATILE -> RANGING (置信度: 1.00)
18:20:56 - ProfessionalComplexFixed - INFO - 🔄 市场状态变更: RANGING -> VOLATILE (置信度: 1.00)
18:21:18 - ProfessionalComplexFixed - INFO - 🔄 市场状态变更: VOLATILE -> RANGING (置信度: 1.00)
18:21:19 - ProfessionalComplexFixed - INFO - 🔄 市场状态变更: RANGING -> VOLATILE (置信度: 1.00)
18:21:29 - ProfessionalComplexFixed - INFO - 🔄 市场状态变更: VOLATILE -> RANGING (置信度: 1.00)
18:21:30 - ProfessionalComplexFixed - INFO - 🔄 市场状态变更: RANGING -> VOLATILE (置信度: 1.00)
18:22:18 - ProfessionalComplexFixed - INFO - 🔄 市场状态变更: VOLATILE -> RANGING (置信度: 1.00)
18:22:19 - ProfessionalComplexFixed - INFO - 🔄 市场状态变更: RANGING -> VOLATILE (置信度: 1.00)
18:22:49 - ProfessionalComplexFixed - INFO - 🔄 市场状态变更: VOLATILE -> RANGING (置信度: 1.00)
18:22:50 - ProfessionalComplexFixed - INFO - 🔄 市场状态变更: RANGING -> VOLATILE (置信度: 1.00)
18:22:54 - ProfessionalComplexFixed - INFO - 🔄 市场状态变更: VOLATILE -> RANGING (置信度: 1.00)
18:22:57 - ProfessionalComplexFixed - INFO - 🔄 市场状态变更: RANGING -> VOLATILE (置信度: 1.00)
18:23:14 - ProfessionalComplexFixed - INFO - 🔄 市场状态变更: VOLATILE -> RANGING (置信度: 1.00)
18:23:15 - ProfessionalComplexFixed - INFO - 🔄 市场状态变更: RANGING -> VOLATILE (置信度: 1.00)
18:23:24 - ProfessionalComplexFixed - INFO - 🔄 市场状态变更: VOLATILE -> RANGING (置信度: 1.00)
18:23:25 - ProfessionalComplexFixed - INFO - 🔄 市场状态变更: RANGING -> VOLATILE (置信度: 1.00)
18:23:40 - ProfessionalComplexFixed - INFO - 🔄 市场状态变更: VOLATILE -> RANGING (置信度: 1.00)
18:23:41 - ProfessionalComplexFixed - INFO - 🔄 市场状态变更: RANGING -> VOLATILE (置信度: 1.00)
18:23:45 - ProfessionalComplexFixed - INFO - 🔄 市场状态变更: VOLATILE -> RANGING (置信度: 1.00)
18:23:46 - ProfessionalComplexFixed - INFO - 🔄 市场状态变更: RANGING -> VOLATILE (置信度: 1.00)
18:23:51 - ProfessionalComplexFixed - INFO - 🔄 市场状态变更: VOLATILE -> RANGING (置信度: 1.00)
18:23:53 - ProfessionalComplexFixed - INFO - 🔄 市场状态变更: RANGING -> VOLATILE (置信度: 1.00)
18:24:07 - ProfessionalComplexFixed - INFO - 🔄 市场状态变更: VOLATILE -> RANGING (置信度: 1.00)
18:24:08 - ProfessionalComplexFixed - INFO - 🔄 市场状态变更: RANGING -> VOLATILE (置信度: 1.00)
18:24:12 - ProfessionalComplexFixed - INFO - 🔄 市场状态变更: VOLATILE -> RANGING (置信度: 1.00)
18:24:13 - ProfessionalComplexFixed - INFO - 🔄 市场状态变更: RANGING -> VOLATILE (置信度: 1.00)
18:24:34 - ProfessionalComplexFixed - INFO - 🔄 市场状态变更: VOLATILE -> RANGING (置信度: 1.00)
18:24:35 - ProfessionalComplexFixed - INFO - 🔄 市场状态变更: RANGING -> VOLATILE (置信度: 1.00)
18:24:53 - ProfessionalComplexFixed - INFO - 🔄 市场状态变更: VOLATILE -> RANGING (置信度: 1.00)
18:24:54 - ProfessionalComplexFixed - INFO - 🔄 市场状态变更: RANGING -> VOLATILE (置信度: 1.00)
18:25:14 - ProfessionalComplexFixed - INFO - 🔄 市场状态变更: VOLATILE -> RANGING (置信度: 1.00)
18:25:18 - ProfessionalComplexFixed - INFO - 🔄 市场状态变更: RANGING -> VOLATILE (置信度: 1.00)
18:25:50 - ProfessionalComplexFixed - INFO - 🔄 市场状态变更: VOLATILE -> RANGING (置信度: 1.00)
18:25:51 - ProfessionalComplexFixed - INFO - 🔄 市场状态变更: RANGING -> VOLATILE (置信度: 1.00)
18:26:14 - ProfessionalComplexFixed - INFO - 🔄 市场状态变更: VOLATILE -> RANGING (置信度: 1.00)
18:26:15 - ProfessionalComplexFixed - INFO - 🔄 市场状态变更: RANGING -> VOLATILE (置信度: 1.00)
18:26:24 - ProfessionalComplexFixed - INFO - 🔄 市场状态变更: VOLATILE -> RANGING (置信度: 1.00)
18:26:25 - ProfessionalComplexFixed - INFO - 🔄 市场状态变更: RANGING -> VOLATILE (置信度: 1.00)
18:26:53 - ProfessionalComplexFixed - INFO - 🔄 市场状态变更: VOLATILE -> RANGING (置信度: 1.00)
18:26:54 - ProfessionalComplexFixed - INFO - 🔄 市场状态变更: RANGING -> VOLATILE (置信度: 1.00)
18:27:24 - ProfessionalComplexFixed - INFO - 🔄 市场状态变更: VOLATILE -> RANGING (置信度: 1.00)
18:27:25 - ProfessionalComplexFixed - INFO - 🔄 市场状态变更: RANGING -> VOLATILE (置信度: 1.00)
18:27:26 - ProfessionalComplexFixed - INFO - 🔄 市场状态变更: VOLATILE -> RANGING (置信度: 1.00)
18:27:27 - ProfessionalComplexFixed - INFO - 🔄 市场状态变更: RANGING -> VOLATILE (置信度: 1.00)
18:27:52 - ProfessionalComplexFixed - INFO - 🔄 市场状态变更: VOLATILE -> RANGING (置信度: 1.00)
18:27:53 - ProfessionalComplexFixed - INFO - 🔄 市场状态变更: RANGING -> VOLATILE (置信度: 1.00)
18:28:00 - ProfessionalComplexFixed - INFO - 🔄 市场状态变更: VOLATILE -> RANGING (置信度: 1.00)
18:28:01 - ProfessionalComplexFixed - INFO - 🔄 市场状态变更: RANGING -> VOLATILE (置信度: 1.00)
18:28:12 - ProfessionalComplexFixed - INFO - 🔄 市场状态变更: VOLATILE -> RANGING (置信度: 1.00)
18:28:13 - ProfessionalComplexFixed - INFO - 🔄 市场状态变更: RANGING -> VOLATILE (置信度: 1.00)
18:28:31 - ProfessionalComplexFixed - INFO - 🔄 市场状态变更: VOLATILE -> RANGING (置信度: 1.00)
18:28:32 - ProfessionalComplexFixed - INFO - 🔄 市场状态变更: RANGING -> VOLATILE (置信度: 1.00)
18:29:24 - ProfessionalComplexFixed - INFO - 🔄 市场状态变更: VOLATILE -> RANGING (置信度: 1.00)
18:29:25 - ProfessionalComplexFixed - INFO - 🔄 市场状态变更: RANGING -> VOLATILE (置信度: 1.00)
18:29:28 - ProfessionalComplexFixed - INFO - 🔄 市场状态变更: VOLATILE -> RANGING (置信度: 1.00)
18:29:32 - ProfessionalComplexFixed - INFO - 🔄 市场状态变更: RANGING -> VOLATILE (置信度: 1.00)
18:29:47 - ProfessionalComplexFixed - INFO - 🔄 市场状态变更: VOLATILE -> RANGING (置信度: 1.00)
18:29:49 - ProfessionalComplexFixed - INFO - 🔄 市场状态变更: RANGING -> VOLATILE (置信度: 1.00)
18:30:25 - ProfessionalComplexFixed - INFO - 🔄 市场状态变更: VOLATILE -> RANGING (置信度: 1.00)
18:30:26 - ProfessionalComplexFixed - INFO - 🔄 市场状态变更: RANGING -> VOLATILE (置信度: 1.00)
18:30:29 - ProfessionalComplexFixed - INFO - 🔄 市场状态变更: VOLATILE -> RANGING (置信度: 1.00)
18:30:30 - ProfessionalComplexFixed - INFO - 🔄 市场状态变更: RANGING -> VOLATILE (置信度: 1.00)
18:34:15 - ProfessionalComplexFixed - INFO - 🔄 市场状态变更: VOLATILE -> RANGING (置信度: 1.00)
18:34:16 - ProfessionalComplexFixed - INFO - 🔄 市场状态变更: RANGING -> VOLATILE (置信度: 1.00)
18:34:29 - ProfessionalComplexFixed - INFO - 🔄 市场状态变更: VOLATILE -> RANGING (置信度: 1.00)
18:34:30 - ProfessionalComplexFixed - INFO - 🔄 市场状态变更: RANGING -> VOLATILE (置信度: 1.00)
18:34:42 - ProfessionalComplexFixed - INFO - 🔄 市场状态变更: VOLATILE -> RANGING (置信度: 1.00)
18:34:43 - ProfessionalComplexFixed - INFO - 🔄 市场状态变更: RANGING -> VOLATILE (置信度: 1.00)
18:35:11 - ProfessionalComplexFixed - INFO - 🔄 市场状态变更: VOLATILE -> RANGING (置信度: 1.00)
18:35:12 - ProfessionalComplexFixed - INFO - 🔄 市场状态变更: RANGING -> VOLATILE (置信度: 1.00)
18:37:17 - ProfessionalComplexFixed - INFO - 🔄 市场状态变更: VOLATILE -> RANGING (置信度: 1.00)
18:37:18 - ProfessionalComplexFixed - INFO - 🔄 市场状态变更: RANGING -> VOLATILE (置信度: 1.00)
18:37:47 - ProfessionalComplexFixed - INFO - 🔄 市场状态变更: VOLATILE -> RANGING (置信度: 1.00)
18:37:48 - ProfessionalComplexFixed - INFO - 🔄 市场状态变更: RANGING -> VOLATILE (置信度: 1.00)
18:38:06 - ProfessionalComplexFixed - INFO - 🔄 市场状态变更: VOLATILE -> RANGING (置信度: 1.00)
18:38:07 - ProfessionalComplexFixed - INFO - 🔄 市场状态变更: RANGING -> VOLATILE (置信度: 1.00)
18:38:14 - ProfessionalComplexFixed - INFO - 🔄 市场状态变更: VOLATILE -> RANGING (置信度: 1.00)
18:38:15 - ProfessionalComplexFixed - INFO - 🔄 市场状态变更: RANGING -> VOLATILE (置信度: 1.00)
18:38:19 - ProfessionalComplexFixed - INFO - 🔄 市场状态变更: VOLATILE -> RANGING (置信度: 1.00)
18:38:20 - ProfessionalComplexFixed - INFO - 🔄 市场状态变更: RANGING -> VOLATILE (置信度: 1.00)
18:39:05 - ProfessionalComplexFixed - INFO - 🔄 市场状态变更: VOLATILE -> RANGING (置信度: 1.00)
18:39:06 - ProfessionalComplexFixed - INFO - 🔄 市场状态变更: RANGING -> VOLATILE (置信度: 1.00)
18:39:54 - ProfessionalComplexFixed - INFO - 🔄 市场状态变更: VOLATILE -> RANGING (置信度: 1.00)
18:39:55 - ProfessionalComplexFixed - INFO - 🔄 市场状态变更: RANGING -> VOLATILE (置信度: 1.00)
18:41:40 - ProfessionalComplexFixed - INFO - 🔄 市场状态变更: VOLATILE -> RANGING (置信度: 1.00)
18:41:41 - ProfessionalComplexFixed - INFO - 🔄 市场状态变更: RANGING -> VOLATILE (置信度: 1.00)
18:41:48 - ProfessionalComplexFixed - INFO - 🔄 市场状态变更: VOLATILE -> RANGING (置信度: 1.00)
18:41:49 - ProfessionalComplexFixed - INFO - 🔄 市场状态变更: RANGING -> VOLATILE (置信度: 1.00)
18:41:57 - ProfessionalComplexFixed - INFO - 🔄 市场状态变更: VOLATILE -> RANGING (置信度: 1.00)
18:41:58 - ProfessionalComplexFixed - INFO - 🔄 市场状态变更: RANGING -> VOLATILE (置信度: 1.00)
18:42:31 - ProfessionalComplexFixed - INFO - 🔄 市场状态变更: VOLATILE -> RANGING (置信度: 1.00)
18:42:32 - ProfessionalComplexFixed - INFO - 🔄 市场状态变更: RANGING -> VOLATILE (置信度: 1.00)
18:42:36 - ProfessionalComplexFixed - INFO - 🔄 市场状态变更: VOLATILE -> RANGING (置信度: 1.00)
18:42:37 - ProfessionalComplexFixed - INFO - 🔄 市场状态变更: RANGING -> VOLATILE (置信度: 1.00)
18:43:08 - ProfessionalComplexFixed - INFO - 🔄 市场状态变更: VOLATILE -> RANGING (置信度: 1.00)
18:43:09 - ProfessionalComplexFixed - INFO - 🔄 市场状态变更: RANGING -> VOLATILE (置信度: 1.00)
18:43:20 - ProfessionalComplexFixed - INFO - 🔄 市场状态变更: VOLATILE -> RANGING (置信度: 1.00)
18:43:22 - ProfessionalComplexFixed - INFO - 🔄 市场状态变更: RANGING -> VOLATILE (置信度: 1.00)
18:43:26 - ProfessionalComplexFixed - INFO - 🔄 市场状态变更: VOLATILE -> RANGING (置信度: 1.00)
18:43:28 - ProfessionalComplexFixed - INFO - 🔄 市场状态变更: RANGING -> VOLATILE (置信度: 1.00)
18:44:03 - ProfessionalComplexFixed - INFO - 🔄 市场状态变更: VOLATILE -> RANGING (置信度: 1.00)
18:44:05 - ProfessionalComplexFixed - INFO - 🔄 市场状态变更: RANGING -> VOLATILE (置信度: 1.00)
18:44:17 - ProfessionalComplexFixed - INFO - 🔄 市场状态变更: VOLATILE -> RANGING (置信度: 1.00)
18:44:18 - ProfessionalComplexFixed - INFO - 🔄 市场状态变更: RANGING -> VOLATILE (置信度: 1.00)
18:44:23 - ProfessionalComplexFixed - INFO - 🔄 市场状态变更: VOLATILE -> RANGING (置信度: 1.00)
18:44:24 - ProfessionalComplexFixed - INFO - 🔄 市场状态变更: RANGING -> VOLATILE (置信度: 1.00)
18:44:38 - ProfessionalComplexFixed - INFO - 🔄 市场状态变更: VOLATILE -> RANGING (置信度: 1.00)
18:44:39 - ProfessionalComplexFixed - INFO - 🔄 市场状态变更: RANGING -> VOLATILE (置信度: 1.00)
18:44:54 - ProfessionalComplexFixed - INFO - 🔄 市场状态变更: VOLATILE -> RANGING (置信度: 1.00)
18:44:56 - ProfessionalComplexFixed - INFO - 🔄 市场状态变更: RANGING -> VOLATILE (置信度: 1.00)
18:44:57 - ProfessionalComplexFixed - INFO - 🔄 市场状态变更: VOLATILE -> RANGING (置信度: 1.00)
18:44:58 - ProfessionalComplexFixed - INFO - 🔄 市场状态变更: RANGING -> VOLATILE (置信度: 1.00)
18:45:20 - ProfessionalComplexFixed - INFO - 🔄 市场状态变更: VOLATILE -> RANGING (置信度: 1.00)
18:45:21 - ProfessionalComplexFixed - INFO - 🔄 市场状态变更: RANGING -> VOLATILE (置信度: 1.00)
18:45:32 - ProfessionalComplexFixed - INFO - 🔄 市场状态变更: VOLATILE -> RANGING (置信度: 1.00)
18:45:33 - ProfessionalComplexFixed - INFO - 🔄 市场状态变更: RANGING -> VOLATILE (置信度: 1.00)
18:45:40 - ProfessionalComplexFixed - INFO - 🔄 市场状态变更: VOLATILE -> RANGING (置信度: 1.00)
18:45:41 - ProfessionalComplexFixed - INFO - 🔄 市场状态变更: RANGING -> VOLATILE (置信度: 1.00)
18:46:00 - ProfessionalComplexFixed - INFO - 🔄 市场状态变更: VOLATILE -> RANGING (置信度: 1.00)
18:46:01 - ProfessionalComplexFixed - INFO - 🔄 市场状态变更: RANGING -> VOLATILE (置信度: 1.00)
18:46:57 - ProfessionalComplexFixed - INFO - 🔄 市场状态变更: VOLATILE -> RANGING (置信度: 1.00)
18:47:02 - ProfessionalComplexFixed - INFO - 🔄 市场状态变更: RANGING -> VOLATILE (置信度: 1.00)
18:47:11 - ProfessionalComplexFixed - INFO - 🔄 市场状态变更: VOLATILE -> RANGING (置信度: 1.00)
18:47:12 - ProfessionalComplexFixed - INFO - 🔄 市场状态变更: RANGING -> VOLATILE (置信度: 1.00)
18:47:19 - ProfessionalComplexFixed - INFO - 🔄 市场状态变更: VOLATILE -> RANGING (置信度: 1.00)
18:47:20 - ProfessionalComplexFixed - INFO - 🔄 市场状态变更: RANGING -> VOLATILE (置信度: 1.00)
18:48:30 - ProfessionalComplexFixed - INFO - 🔄 市场状态变更: VOLATILE -> RANGING (置信度: 1.00)
18:48:31 - ProfessionalComplexFixed - INFO - 🔄 市场状态变更: RANGING -> VOLATILE (置信度: 1.00)
18:48:33 - ProfessionalComplexFixed - INFO - 🔄 市场状态变更: VOLATILE -> RANGING (置信度: 1.00)
18:48:35 - ProfessionalComplexFixed - INFO - 🔄 市场状态变更: RANGING -> VOLATILE (置信度: 1.00)
18:48:40 - ProfessionalComplexFixed - INFO - 🔄 市场状态变更: VOLATILE -> RANGING (置信度: 1.00)
18:48:41 - ProfessionalComplexFixed - INFO - 🔄 市场状态变更: RANGING -> VOLATILE (置信度: 1.00)
18:49:58 - ProfessionalComplexFixed - INFO - 🔄 市场状态变更: VOLATILE -> RANGING (置信度: 1.00)
18:50:00 - ProfessionalComplexFixed - INFO - 🔄 市场状态变更: RANGING -> VOLATILE (置信度: 1.00)
18:50:07 - ProfessionalComplexFixed - INFO - 🔄 市场状态变更: VOLATILE -> RANGING (置信度: 1.00)
18:50:09 - ProfessionalComplexFixed - INFO - 🔄 市场状态变更: RANGING -> VOLATILE (置信度: 1.00)
18:50:18 - ProfessionalComplexFixed - INFO - 🔄 市场状态变更: VOLATILE -> RANGING (置信度: 1.00)
18:50:19 - ProfessionalComplexFixed - INFO - 🔄 市场状态变更: RANGING -> VOLATILE (置信度: 1.00)
18:50:25 - ProfessionalComplexFixed - INFO - 🔄 市场状态变更: VOLATILE -> RANGING (置信度: 1.00)
18:50:26 - ProfessionalComplexFixed - INFO - 🔄 市场状态变更: RANGING -> VOLATILE (置信度: 1.00)
18:50:32 - ProfessionalComplexFixed - INFO - 🔄 市场状态变更: VOLATILE -> RANGING (置信度: 1.00)
18:50:33 - ProfessionalComplexFixed - INFO - 🔄 市场状态变更: RANGING -> VOLATILE (置信度: 1.00)
18:50:36 - ProfessionalComplexFixed - INFO - 🔄 市场状态变更: VOLATILE -> RANGING (置信度: 1.00)
18:50:38 - ProfessionalComplexFixed - INFO - 🔄 市场状态变更: RANGING -> VOLATILE (置信度: 1.00)
18:50:44 - ProfessionalComplexFixed - INFO - 🔄 市场状态变更: VOLATILE -> RANGING (置信度: 1.00)
18:50:45 - ProfessionalComplexFixed - INFO - 🔄 市场状态变更: RANGING -> VOLATILE (置信度: 1.00)
18:50:46 - ProfessionalComplexFixed - INFO - 🔄 市场状态变更: VOLATILE -> RANGING (置信度: 1.00)
18:50:47 - ProfessionalComplexFixed - INFO - 🔄 市场状态变更: RANGING -> VOLATILE (置信度: 1.00)
18:51:30 - ProfessionalComplexFixed - INFO - 🔄 市场状态变更: VOLATILE -> RANGING (置信度: 1.00)
18:51:33 - ProfessionalComplexFixed - INFO - 🔄 市场状态变更: RANGING -> VOLATILE (置信度: 1.00)
18:51:54 - ProfessionalComplexFixed - INFO - 🔄 市场状态变更: VOLATILE -> RANGING (置信度: 1.00)
18:51:55 - ProfessionalComplexFixed - INFO - 🔄 市场状态变更: RANGING -> VOLATILE (置信度: 1.00)
18:52:10 - ProfessionalComplexFixed - INFO - 🔄 市场状态变更: VOLATILE -> RANGING (置信度: 1.00)
18:52:12 - ProfessionalComplexFixed - INFO - 🔄 市场状态变更: RANGING -> VOLATILE (置信度: 1.00)
18:52:36 - ProfessionalComplexFixed - INFO - 🔄 市场状态变更: VOLATILE -> RANGING (置信度: 1.00)
18:52:37 - ProfessionalComplexFixed - INFO - 🔄 市场状态变更: RANGING -> VOLATILE (置信度: 1.00)
18:52:46 - ProfessionalComplexFixed - INFO - 🔄 市场状态变更: VOLATILE -> RANGING (置信度: 1.00)
18:52:49 - ProfessionalComplexFixed - INFO - 🔄 市场状态变更: RANGING -> VOLATILE (置信度: 1.00)
18:53:09 - ProfessionalComplexFixed - INFO - 🔄 市场状态变更: VOLATILE -> RANGING (置信度: 1.00)
18:53:10 - ProfessionalComplexFixed - INFO - 🔄 市场状态变更: RANGING -> VOLATILE (置信度: 1.00)
18:53:23 - ProfessionalComplexFixed - INFO - 🔄 市场状态变更: VOLATILE -> RANGING (置信度: 1.00)
18:53:24 - ProfessionalComplexFixed - INFO - 🔄 市场状态变更: RANGING -> VOLATILE (置信度: 1.00)
18:53:36 - ProfessionalComplexFixed - INFO - 🔄 市场状态变更: VOLATILE -> RANGING (置信度: 1.00)
18:53:37 - ProfessionalComplexFixed - INFO - 🔄 市场状态变更: RANGING -> VOLATILE (置信度: 1.00)
18:54:09 - ProfessionalComplexFixed - INFO - 🔄 市场状态变更: VOLATILE -> RANGING (置信度: 1.00)
18:54:10 - ProfessionalComplexFixed - INFO - 🔄 市场状态变更: RANGING -> VOLATILE (置信度: 1.00)
18:54:24 - ProfessionalComplexFixed - INFO - 🔄 市场状态变更: VOLATILE -> RANGING (置信度: 1.00)
18:54:25 - ProfessionalComplexFixed - INFO - 🔄 市场状态变更: RANGING -> VOLATILE (置信度: 1.00)
18:54:42 - ProfessionalComplexFixed - INFO - 🔄 市场状态变更: VOLATILE -> RANGING (置信度: 1.00)
18:54:43 - ProfessionalComplexFixed - INFO - 🔄 市场状态变更: RANGING -> VOLATILE (置信度: 1.00)
18:54:54 - ProfessionalComplexFixed - INFO - 🔄 市场状态变更: VOLATILE -> RANGING (置信度: 1.00)
18:54:55 - ProfessionalComplexFixed - INFO - 🔄 市场状态变更: RANGING -> VOLATILE (置信度: 1.00)
18:55:50 - ProfessionalComplexFixed - INFO - 🔄 市场状态变更: VOLATILE -> RANGING (置信度: 1.00)
18:55:52 - ProfessionalComplexFixed - INFO - 🔄 市场状态变更: RANGING -> VOLATILE (置信度: 1.00)
18:55:55 - ProfessionalComplexFixed - INFO - 🔄 市场状态变更: VOLATILE -> RANGING (置信度: 1.00)
18:55:56 - ProfessionalComplexFixed - INFO - 🔄 市场状态变更: RANGING -> VOLATILE (置信度: 1.00)
18:56:03 - ProfessionalComplexFixed - INFO - 🔄 市场状态变更: VOLATILE -> RANGING (置信度: 1.00)
18:56:04 - ProfessionalComplexFixed - INFO - 🔄 市场状态变更: RANGING -> VOLATILE (置信度: 1.00)
18:56:10 - ProfessionalComplexFixed - INFO - 🔄 市场状态变更: VOLATILE -> RANGING (置信度: 1.00)
18:56:11 - ProfessionalComplexFixed - INFO - 🔄 市场状态变更: RANGING -> VOLATILE (置信度: 1.00)
18:56:13 - ProfessionalComplexFixed - INFO - 🔄 市场状态变更: VOLATILE -> RANGING (置信度: 1.00)
18:56:15 - ProfessionalComplexFixed - INFO - 🔄 市场状态变更: RANGING -> VOLATILE (置信度: 1.00)
18:56:18 - ProfessionalComplexFixed - INFO - 🔄 市场状态变更: VOLATILE -> RANGING (置信度: 1.00)
18:56:19 - ProfessionalComplexFixed - INFO - 🔄 市场状态变更: RANGING -> VOLATILE (置信度: 1.00)
18:56:45 - ProfessionalComplexFixed - INFO - 🔄 市场状态变更: VOLATILE -> RANGING (置信度: 1.00)
18:56:46 - ProfessionalComplexFixed - INFO - 🔄 市场状态变更: RANGING -> VOLATILE (置信度: 1.00)
18:57:07 - ProfessionalComplexFixed - INFO - 🔄 市场状态变更: VOLATILE -> RANGING (置信度: 1.00)
18:57:08 - ProfessionalComplexFixed - INFO - 🔄 市场状态变更: RANGING -> VOLATILE (置信度: 1.00)
18:58:34 - ProfessionalComplexFixed - INFO - 🔄 市场状态变更: VOLATILE -> RANGING (置信度: 1.00)
18:58:35 - ProfessionalComplexFixed - INFO - 🔄 市场状态变更: RANGING -> VOLATILE (置信度: 1.00)
18:58:36 - ProfessionalComplexFixed - INFO - 🔄 市场状态变更: VOLATILE -> RANGING (置信度: 1.00)
18:58:37 - ProfessionalComplexFixed - INFO - 🔄 市场状态变更: RANGING -> VOLATILE (置信度: 1.00)
18:58:52 - ProfessionalComplexFixed - INFO - 🔄 市场状态变更: VOLATILE -> RANGING (置信度: 1.00)
18:58:53 - ProfessionalComplexFixed - INFO - 🔄 市场状态变更: RANGING -> VOLATILE (置信度: 1.00)
18:59:26 - ProfessionalComplexFixed - INFO - 🔄 市场状态变更: VOLATILE -> RANGING (置信度: 1.00)
18:59:28 - ProfessionalComplexFixed - INFO - 🔄 市场状态变更: RANGING -> VOLATILE (置信度: 1.00)
18:59:54 - ProfessionalComplexFixed - INFO - 🔄 市场状态变更: VOLATILE -> RANGING (置信度: 1.00)
18:59:55 - ProfessionalComplexFixed - INFO - 🔄 市场状态变更: RANGING -> VOLATILE (置信度: 1.00)
18:59:59 - ProfessionalComplexFixed - INFO - 🔄 市场状态变更: VOLATILE -> RANGING (置信度: 1.00)
19:00:00 - ProfessionalComplexFixed - INFO - 🔄 市场状态变更: RANGING -> VOLATILE (置信度: 1.00)
19:00:35 - ProfessionalComplexFixed - INFO - 🔄 市场状态变更: VOLATILE -> RANGING (置信度: 1.00)
19:00:37 - ProfessionalComplexFixed - INFO - 🔄 市场状态变更: RANGING -> VOLATILE (置信度: 1.00)
19:02:41 - ProfessionalComplexFixed - INFO - 🔄 市场状态变更: VOLATILE -> RANGING (置信度: 1.00)
19:02:42 - ProfessionalComplexFixed - INFO - 🔄 市场状态变更: RANGING -> VOLATILE (置信度: 1.00)
19:03:27 - ProfessionalComplexFixed - INFO - 🔄 市场状态变更: VOLATILE -> RANGING (置信度: 1.00)
19:03:28 - ProfessionalComplexFixed - INFO - 🔄 市场状态变更: RANGING -> VOLATILE (置信度: 1.00)
19:03:47 - ProfessionalComplexFixed - INFO - 🔄 市场状态变更: VOLATILE -> RANGING (置信度: 1.00)
19:03:48 - ProfessionalComplexFixed - INFO - 🔄 市场状态变更: RANGING -> VOLATILE (置信度: 1.00)
19:03:52 - ProfessionalComplexFixed - INFO - 🔄 市场状态变更: VOLATILE -> RANGING (置信度: 1.00)
19:03:53 - ProfessionalComplexFixed - INFO - 🔄 市场状态变更: RANGING -> VOLATILE (置信度: 1.00)
19:04:18 - ProfessionalComplexFixed - INFO - 🔄 市场状态变更: VOLATILE -> RANGING (置信度: 1.00)
19:04:19 - ProfessionalComplexFixed - INFO - 🔄 市场状态变更: RANGING -> VOLATILE (置信度: 1.00)
19:04:25 - ProfessionalComplexFixed - INFO - 🔄 市场状态变更: VOLATILE -> RANGING (置信度: 1.00)
19:04:26 - ProfessionalComplexFixed - INFO - 🔄 市场状态变更: RANGING -> VOLATILE (置信度: 1.00)
19:04:35 - ProfessionalComplexFixed - INFO - 🔄 市场状态变更: VOLATILE -> RANGING (置信度: 1.00)
19:04:36 - ProfessionalComplexFixed - INFO - 🔄 市场状态变更: RANGING -> VOLATILE (置信度: 1.00)
19:05:14 - ProfessionalComplexFixed - INFO - 🔄 市场状态变更: VOLATILE -> RANGING (置信度: 1.00)
19:05:15 - ProfessionalComplexFixed - INFO - 🔄 市场状态变更: RANGING -> VOLATILE (置信度: 1.00)
19:05:28 - ProfessionalComplexFixed - INFO - 🔄 市场状态变更: VOLATILE -> RANGING (置信度: 1.00)
19:05:29 - ProfessionalComplexFixed - INFO - 🔄 市场状态变更: RANGING -> VOLATILE (置信度: 1.00)
19:05:30 - ProfessionalComplexFixed - INFO - 🔄 市场状态变更: VOLATILE -> RANGING (置信度: 1.00)
19:05:32 - ProfessionalComplexFixed - INFO - 🔄 市场状态变更: RANGING -> VOLATILE (置信度: 1.00)
19:05:36 - ProfessionalComplexFixed - INFO - 🔄 市场状态变更: VOLATILE -> RANGING (置信度: 1.00)
19:05:37 - ProfessionalComplexFixed - INFO - 🔄 市场状态变更: RANGING -> VOLATILE (置信度: 1.00)
19:05:57 - ProfessionalComplexFixed - INFO - 🔄 市场状态变更: VOLATILE -> RANGING (置信度: 1.00)
19:05:58 - ProfessionalComplexFixed - INFO - 🔄 市场状态变更: RANGING -> VOLATILE (置信度: 1.00)
19:06:16 - ProfessionalComplexFixed - INFO - 🔄 市场状态变更: VOLATILE -> RANGING (置信度: 1.00)
19:06:21 - ProfessionalComplexFixed - INFO - 🔄 市场状态变更: RANGING -> VOLATILE (置信度: 1.00)
19:06:25 - ProfessionalComplexFixed - INFO - 🔄 市场状态变更: VOLATILE -> RANGING (置信度: 1.00)
19:06:27 - ProfessionalComplexFixed - INFO - 🔄 市场状态变更: RANGING -> VOLATILE (置信度: 1.00)
19:06:31 - ProfessionalComplexFixed - INFO - 🔄 市场状态变更: VOLATILE -> RANGING (置信度: 1.00)
19:06:32 - ProfessionalComplexFixed - INFO - 🔄 市场状态变更: RANGING -> VOLATILE (置信度: 1.00)
19:06:50 - ProfessionalComplexFixed - INFO - 🔄 市场状态变更: VOLATILE -> RANGING (置信度: 1.00)
19:06:51 - ProfessionalComplexFixed - INFO - 🔄 市场状态变更: RANGING -> VOLATILE (置信度: 1.00)
19:07:04 - ProfessionalComplexFixed - INFO - 🔄 市场状态变更: VOLATILE -> RANGING (置信度: 1.00)
19:07:05 - ProfessionalComplexFixed - INFO - 🔄 市场状态变更: RANGING -> VOLATILE (置信度: 1.00)
19:07:13 - ProfessionalComplexFixed - INFO - 🔄 市场状态变更: VOLATILE -> RANGING (置信度: 1.00)
19:07:14 - ProfessionalComplexFixed - INFO - 🔄 市场状态变更: RANGING -> VOLATILE (置信度: 1.00)
19:07:41 - ProfessionalComplexFixed - INFO - 🔄 市场状态变更: VOLATILE -> RANGING (置信度: 1.00)
19:07:43 - ProfessionalComplexFixed - INFO - 🔄 市场状态变更: RANGING -> VOLATILE (置信度: 1.00)
19:07:45 - ProfessionalComplexFixed - INFO - 🔄 市场状态变更: VOLATILE -> RANGING (置信度: 1.00)
19:07:46 - ProfessionalComplexFixed - INFO - 🔄 市场状态变更: RANGING -> VOLATILE (置信度: 1.00)
19:07:47 - ProfessionalComplexFixed - INFO - 🔄 市场状态变更: VOLATILE -> RANGING (置信度: 1.00)
19:07:48 - ProfessionalComplexFixed - INFO - 🔄 市场状态变更: RANGING -> VOLATILE (置信度: 1.00)
19:07:50 - ProfessionalComplexFixed - INFO - 🔄 市场状态变更: VOLATILE -> RANGING (置信度: 1.00)
19:07:54 - ProfessionalComplexFixed - INFO - 🔄 市场状态变更: RANGING -> VOLATILE (置信度: 1.00)
19:08:02 - ProfessionalComplexFixed - INFO - 🔄 市场状态变更: VOLATILE -> RANGING (置信度: 1.00)
19:08:03 - ProfessionalComplexFixed - INFO - 🔄 市场状态变更: RANGING -> VOLATILE (置信度: 1.00)
19:08:04 - ProfessionalComplexFixed - INFO - 🔄 市场状态变更: VOLATILE -> RANGING (置信度: 1.00)
19:08:05 - ProfessionalComplexFixed - INFO - 🔄 市场状态变更: RANGING -> VOLATILE (置信度: 1.00)
19:08:08 - ProfessionalComplexFixed - INFO - 🔄 市场状态变更: VOLATILE -> RANGING (置信度: 1.00)
19:08:10 - ProfessionalComplexFixed - INFO - 🔄 市场状态变更: RANGING -> VOLATILE (置信度: 1.00)
19:08:23 - ProfessionalComplexFixed - INFO - 🔄 市场状态变更: VOLATILE -> RANGING (置信度: 1.00)
19:08:24 - ProfessionalComplexFixed - INFO - 🔄 市场状态变更: RANGING -> VOLATILE (置信度: 1.00)
19:08:47 - ProfessionalComplexFixed - INFO - 🔄 市场状态变更: VOLATILE -> RANGING (置信度: 1.00)
19:08:48 - ProfessionalComplexFixed - INFO - 🔄 市场状态变更: RANGING -> VOLATILE (置信度: 1.00)
19:08:51 - ProfessionalComplexFixed - INFO - 🔄 市场状态变更: VOLATILE -> RANGING (置信度: 1.00)
19:08:52 - ProfessionalComplexFixed - INFO - 🔄 市场状态变更: RANGING -> VOLATILE (置信度: 1.00)
19:09:10 - ProfessionalComplexFixed - INFO - 🔄 市场状态变更: VOLATILE -> RANGING (置信度: 1.00)
19:09:11 - ProfessionalComplexFixed - INFO - 🔄 市场状态变更: RANGING -> VOLATILE (置信度: 1.00)
19:09:40 - ProfessionalComplexFixed - INFO - 🔄 市场状态变更: VOLATILE -> RANGING (置信度: 1.00)
19:09:41 - ProfessionalComplexFixed - INFO - 🔄 市场状态变更: RANGING -> VOLATILE (置信度: 1.00)
19:10:13 - ProfessionalComplexFixed - INFO - 🔄 市场状态变更: VOLATILE -> RANGING (置信度: 1.00)
19:10:14 - ProfessionalComplexFixed - INFO - 🔄 市场状态变更: RANGING -> VOLATILE (置信度: 1.00)
19:10:22 - ProfessionalComplexFixed - INFO - 🔄 市场状态变更: VOLATILE -> RANGING (置信度: 1.00)
19:10:24 - ProfessionalComplexFixed - INFO - 🔄 市场状态变更: RANGING -> VOLATILE (置信度: 1.00)
19:10:37 - ProfessionalComplexFixed - INFO - 🔄 市场状态变更: VOLATILE -> RANGING (置信度: 1.00)
19:10:38 - ProfessionalComplexFixed - INFO - 🔄 市场状态变更: RANGING -> VOLATILE (置信度: 1.00)
19:10:41 - ProfessionalComplexFixed - INFO - 🔄 市场状态变更: VOLATILE -> RANGING (置信度: 1.00)
19:10:42 - ProfessionalComplexFixed - INFO - 🔄 市场状态变更: RANGING -> VOLATILE (置信度: 1.00)
19:11:20 - ProfessionalComplexFixed - INFO - 🔄 市场状态变更: VOLATILE -> RANGING (置信度: 1.00)
19:11:21 - ProfessionalComplexFixed - INFO - 🔄 市场状态变更: RANGING -> VOLATILE (置信度: 1.00)
19:11:36 - ProfessionalComplexFixed - INFO - 🔄 市场状态变更: VOLATILE -> RANGING (置信度: 1.00)
19:11:38 - ProfessionalComplexFixed - INFO - 🔄 市场状态变更: RANGING -> VOLATILE (置信度: 1.00)
19:12:17 - ProfessionalComplexFixed - INFO - 🔄 市场状态变更: VOLATILE -> RANGING (置信度: 1.00)
19:12:20 - ProfessionalComplexFixed - INFO - 🔄 市场状态变更: RANGING -> VOLATILE (置信度: 1.00)
19:12:43 - ProfessionalComplexFixed - INFO - 🔄 市场状态变更: VOLATILE -> RANGING (置信度: 1.00)
19:12:45 - ProfessionalComplexFixed - INFO - 🔄 市场状态变更: RANGING -> VOLATILE (置信度: 1.00)
19:13:09 - ProfessionalComplexFixed - INFO - 🔄 市场状态变更: VOLATILE -> RANGING (置信度: 1.00)
19:13:10 - ProfessionalComplexFixed - INFO - 🔄 市场状态变更: RANGING -> VOLATILE (置信度: 1.00)
19:13:19 - ProfessionalComplexFixed - INFO - 🔄 市场状态变更: VOLATILE -> RANGING (置信度: 1.00)
19:13:22 - ProfessionalComplexFixed - INFO - 🔄 市场状态变更: RANGING -> VOLATILE (置信度: 1.00)
19:14:13 - ProfessionalComplexFixed - INFO - 🔄 市场状态变更: VOLATILE -> RANGING (置信度: 1.00)
19:14:14 - ProfessionalComplexFixed - INFO - 🔄 市场状态变更: RANGING -> VOLATILE (置信度: 1.00)
19:14:20 - ProfessionalComplexFixed - INFO - 🔄 市场状态变更: VOLATILE -> RANGING (置信度: 1.00)
19:14:21 - ProfessionalComplexFixed - INFO - 🔄 市场状态变更: RANGING -> VOLATILE (置信度: 1.00)
19:14:26 - ProfessionalComplexFixed - INFO - 🔄 市场状态变更: VOLATILE -> RANGING (置信度: 1.00)
19:14:27 - ProfessionalComplexFixed - INFO - 🔄 市场状态变更: RANGING -> VOLATILE (置信度: 1.00)
19:14:58 - ProfessionalComplexFixed - INFO - 🔄 市场状态变更: VOLATILE -> RANGING (置信度: 1.00)
19:15:00 - ProfessionalComplexFixed - INFO - 🔄 市场状态变更: RANGING -> VOLATILE (置信度: 1.00)
19:15:22 - ProfessionalComplexFixed - INFO - 🔄 市场状态变更: VOLATILE -> RANGING (置信度: 1.00)
19:15:24 - ProfessionalComplexFixed - INFO - 🔄 市场状态变更: RANGING -> VOLATILE (置信度: 1.00)
19:16:17 - ProfessionalComplexFixed - INFO - 🔄 市场状态变更: VOLATILE -> RANGING (置信度: 1.00)
19:16:18 - ProfessionalComplexFixed - INFO - 🔄 市场状态变更: RANGING -> VOLATILE (置信度: 1.00)
19:16:45 - ProfessionalComplexFixed - INFO - 🔄 市场状态变更: VOLATILE -> RANGING (置信度: 1.00)
19:16:47 - ProfessionalComplexFixed - INFO - 🔄 市场状态变更: RANGING -> VOLATILE (置信度: 1.00)
19:17:23 - ProfessionalComplexFixed - INFO - 🔄 市场状态变更: VOLATILE -> RANGING (置信度: 1.00)
19:17:24 - ProfessionalComplexFixed - INFO - 🔄 市场状态变更: RANGING -> VOLATILE (置信度: 1.00)
19:17:45 - ProfessionalComplexFixed - INFO - 🔄 市场状态变更: VOLATILE -> RANGING (置信度: 1.00)
19:17:46 - ProfessionalComplexFixed - INFO - 🔄 市场状态变更: RANGING -> VOLATILE (置信度: 1.00)
19:18:08 - ProfessionalComplexFixed - INFO - 🔄 市场状态变更: VOLATILE -> RANGING (置信度: 1.00)
19:18:09 - ProfessionalComplexFixed - INFO - 🔄 市场状态变更: RANGING -> VOLATILE (置信度: 1.00)
19:18:38 - ProfessionalComplexFixed - INFO - 🔄 市场状态变更: VOLATILE -> RANGING (置信度: 1.00)
19:18:39 - ProfessionalComplexFixed - INFO - 🔄 市场状态变更: RANGING -> VOLATILE (置信度: 1.00)
19:18:46 - ProfessionalComplexFixed - INFO - 🔄 市场状态变更: VOLATILE -> RANGING (置信度: 1.00)
19:18:47 - ProfessionalComplexFixed - INFO - 🔄 市场状态变更: RANGING -> VOLATILE (置信度: 1.00)
19:18:49 - ProfessionalComplexFixed - INFO - 🔄 市场状态变更: VOLATILE -> RANGING (置信度: 1.00)
19:18:50 - ProfessionalComplexFixed - INFO - 🔄 市场状态变更: RANGING -> VOLATILE (置信度: 1.00)
19:19:04 - ProfessionalComplexFixed - INFO - 🔄 市场状态变更: VOLATILE -> RANGING (置信度: 1.00)
19:19:08 - ProfessionalComplexFixed - INFO - 🔄 市场状态变更: RANGING -> VOLATILE (置信度: 1.00)
19:19:12 - ProfessionalComplexFixed - INFO - 🔄 市场状态变更: VOLATILE -> RANGING (置信度: 1.00)
19:19:13 - ProfessionalComplexFixed - INFO - 🔄 市场状态变更: RANGING -> VOLATILE (置信度: 1.00)
19:20:04 - ProfessionalComplexFixed - INFO - 🔄 市场状态变更: VOLATILE -> RANGING (置信度: 1.00)
19:20:05 - ProfessionalComplexFixed - INFO - 🔄 市场状态变更: RANGING -> VOLATILE (置信度: 1.00)
19:21:22 - ProfessionalComplexFixed - INFO - 🔄 市场状态变更: VOLATILE -> RANGING (置信度: 1.00)
19:21:24 - ProfessionalComplexFixed - INFO - 🔄 市场状态变更: RANGING -> VOLATILE (置信度: 1.00)
19:21:36 - ProfessionalComplexFixed - INFO - 🔄 市场状态变更: VOLATILE -> RANGING (置信度: 1.00)
19:21:37 - ProfessionalComplexFixed - INFO - 🔄 市场状态变更: RANGING -> VOLATILE (置信度: 1.00)
19:21:41 - ProfessionalComplexFixed - INFO - 🔄 市场状态变更: VOLATILE -> RANGING (置信度: 1.00)
19:21:42 - ProfessionalComplexFixed - INFO - 🔄 市场状态变更: RANGING -> VOLATILE (置信度: 1.00)
19:23:49 - ProfessionalComplexFixed - INFO - 🔄 市场状态变更: VOLATILE -> RANGING (置信度: 1.00)
19:23:50 - ProfessionalComplexFixed - INFO - 🔄 市场状态变更: RANGING -> VOLATILE (置信度: 1.00)
19:24:15 - ProfessionalComplexFixed - INFO - 🔄 市场状态变更: VOLATILE -> RANGING (置信度: 1.00)
19:24:17 - ProfessionalComplexFixed - INFO - 🔄 市场状态变更: RANGING -> VOLATILE (置信度: 1.00)
19:24:33 - ProfessionalComplexFixed - INFO - 🔄 市场状态变更: VOLATILE -> RANGING (置信度: 1.00)
19:24:36 - ProfessionalComplexFixed - INFO - 🔄 市场状态变更: RANGING -> VOLATILE (置信度: 1.00)
19:25:05 - ProfessionalComplexFixed - INFO - 🔄 市场状态变更: VOLATILE -> RANGING (置信度: 1.00)
19:25:06 - ProfessionalComplexFixed - INFO - 🔄 市场状态变更: RANGING -> VOLATILE (置信度: 1.00)
19:25:14 - ProfessionalComplexFixed - INFO - 🔄 市场状态变更: VOLATILE -> RANGING (置信度: 1.00)
19:25:15 - ProfessionalComplexFixed - INFO - 🔄 市场状态变更: RANGING -> VOLATILE (置信度: 1.00)
19:25:17 - ProfessionalComplexFixed - INFO - 🔄 市场状态变更: VOLATILE -> RANGING (置信度: 1.00)
19:25:18 - ProfessionalComplexFixed - INFO - 🔄 市场状态变更: RANGING -> VOLATILE (置信度: 1.00)
19:25:20 - ProfessionalComplexFixed - INFO - 🔄 市场状态变更: VOLATILE -> RANGING (置信度: 1.00)
19:25:21 - ProfessionalComplexFixed - INFO - 🔄 市场状态变更: RANGING -> VOLATILE (置信度: 1.00)
19:25:47 - ProfessionalComplexFixed - INFO - 🔄 市场状态变更: VOLATILE -> RANGING (置信度: 1.00)
19:25:48 - ProfessionalComplexFixed - INFO - 🔄 市场状态变更: RANGING -> VOLATILE (置信度: 1.00)
19:27:35 - ProfessionalComplexFixed - INFO - 🔄 市场状态变更: VOLATILE -> RANGING (置信度: 1.00)
19:27:38 - ProfessionalComplexFixed - INFO - 🔄 市场状态变更: RANGING -> VOLATILE (置信度: 1.00)
19:28:01 - ProfessionalComplexFixed - INFO - 🔄 市场状态变更: VOLATILE -> RANGING (置信度: 1.00)
19:28:02 - ProfessionalComplexFixed - INFO - 🔄 市场状态变更: RANGING -> VOLATILE (置信度: 1.00)
19:29:16 - ProfessionalComplexFixed - INFO - 🔄 市场状态变更: VOLATILE -> RANGING (置信度: 1.00)
19:29:17 - ProfessionalComplexFixed - INFO - 🔄 市场状态变更: RANGING -> VOLATILE (置信度: 1.00)
19:29:29 - ProfessionalComplexFixed - INFO - 🔄 市场状态变更: VOLATILE -> RANGING (置信度: 1.00)
19:29:31 - ProfessionalComplexFixed - INFO - 🔄 市场状态变更: RANGING -> VOLATILE (置信度: 1.00)
19:29:32 - ProfessionalComplexFixed - INFO - 🔄 市场状态变更: VOLATILE -> RANGING (置信度: 1.00)
19:29:33 - ProfessionalComplexFixed - INFO - 🔄 市场状态变更: RANGING -> VOLATILE (置信度: 1.00)
19:29:36 - ProfessionalComplexFixed - INFO - 🔄 市场状态变更: VOLATILE -> RANGING (置信度: 1.00)
19:29:37 - ProfessionalComplexFixed - INFO - 🔄 市场状态变更: RANGING -> VOLATILE (置信度: 1.00)
19:29:38 - ProfessionalComplexFixed - INFO - 🔄 市场状态变更: VOLATILE -> RANGING (置信度: 1.00)
19:29:39 - ProfessionalComplexFixed - INFO - 🔄 市场状态变更: RANGING -> VOLATILE (置信度: 1.00)
19:29:43 - ProfessionalComplexFixed - INFO - 🔄 市场状态变更: VOLATILE -> RANGING (置信度: 1.00)
19:29:44 - ProfessionalComplexFixed - INFO - 🔄 市场状态变更: RANGING -> VOLATILE (置信度: 1.00)
19:30:17 - ProfessionalComplexFixed - INFO - 🔄 市场状态变更: VOLATILE -> RANGING (置信度: 1.00)
19:30:18 - ProfessionalComplexFixed - INFO - 🔄 市场状态变更: RANGING -> VOLATILE (置信度: 1.00)
19:30:24 - ProfessionalComplexFixed - INFO - 🔄 市场状态变更: VOLATILE -> RANGING (置信度: 1.00)
19:30:25 - ProfessionalComplexFixed - INFO - 🔄 市场状态变更: RANGING -> VOLATILE (置信度: 1.00)
19:30:38 - ProfessionalComplexFixed - INFO - 🔄 市场状态变更: VOLATILE -> RANGING (置信度: 1.00)
19:30:39 - ProfessionalComplexFixed - INFO - 🔄 市场状态变更: RANGING -> VOLATILE (置信度: 1.00)
19:30:50 - ProfessionalComplexFixed - INFO - 🔄 市场状态变更: VOLATILE -> RANGING (置信度: 1.00)
19:30:51 - ProfessionalComplexFixed - INFO - 🔄 市场状态变更: RANGING -> VOLATILE (置信度: 1.00)
19:30:55 - ProfessionalComplexFixed - INFO - 🔄 市场状态变更: VOLATILE -> RANGING (置信度: 1.00)
19:31:01 - ProfessionalComplexFixed - INFO - 🔄 市场状态变更: RANGING -> VOLATILE (置信度: 1.00)
19:31:12 - ProfessionalComplexFixed - INFO - 🔄 市场状态变更: VOLATILE -> RANGING (置信度: 1.00)
19:31:13 - ProfessionalComplexFixed - INFO - 🔄 市场状态变更: RANGING -> VOLATILE (置信度: 1.00)
19:31:43 - ProfessionalComplexFixed - INFO - 🔄 市场状态变更: VOLATILE -> RANGING (置信度: 1.00)
19:31:44 - ProfessionalComplexFixed - INFO - 🔄 市场状态变更: RANGING -> VOLATILE (置信度: 1.00)
19:31:57 - ProfessionalComplexFixed - INFO - 🔄 市场状态变更: VOLATILE -> RANGING (置信度: 1.00)
19:31:58 - ProfessionalComplexFixed - INFO - 🔄 市场状态变更: RANGING -> VOLATILE (置信度: 1.00)
19:32:02 - ProfessionalComplexFixed - INFO - 🔄 市场状态变更: VOLATILE -> RANGING (置信度: 1.00)
19:32:03 - ProfessionalComplexFixed - INFO - 🔄 市场状态变更: RANGING -> VOLATILE (置信度: 1.00)
19:32:20 - ProfessionalComplexFixed - INFO - 🔄 市场状态变更: VOLATILE -> RANGING (置信度: 1.00)
19:32:21 - ProfessionalComplexFixed - INFO - 🔄 市场状态变更: RANGING -> VOLATILE (置信度: 1.00)
19:32:51 - ProfessionalComplexFixed - INFO - 🔄 市场状态变更: VOLATILE -> RANGING (置信度: 1.00)
19:32:52 - ProfessionalComplexFixed - INFO - 🔄 市场状态变更: RANGING -> VOLATILE (置信度: 1.00)
19:32:54 - ProfessionalComplexFixed - INFO - 🔄 市场状态变更: VOLATILE -> RANGING (置信度: 1.00)
19:32:55 - ProfessionalComplexFixed - INFO - 🔄 市场状态变更: RANGING -> VOLATILE (置信度: 1.00)
19:33:10 - ProfessionalComplexFixed - INFO - 🔄 市场状态变更: VOLATILE -> RANGING (置信度: 1.00)
19:33:11 - ProfessionalComplexFixed - INFO - 🔄 市场状态变更: RANGING -> VOLATILE (置信度: 1.00)
19:34:33 - ProfessionalComplexFixed - INFO - 🔄 市场状态变更: VOLATILE -> RANGING (置信度: 1.00)
19:34:34 - ProfessionalComplexFixed - INFO - 🔄 市场状态变更: RANGING -> VOLATILE (置信度: 1.00)
19:34:37 - ProfessionalComplexFixed - INFO - 🔄 市场状态变更: VOLATILE -> RANGING (置信度: 1.00)
19:34:39 - ProfessionalComplexFixed - INFO - 🔄 市场状态变更: RANGING -> VOLATILE (置信度: 1.00)
19:34:41 - ProfessionalComplexFixed - INFO - 🔄 市场状态变更: VOLATILE -> RANGING (置信度: 1.00)
19:34:42 - ProfessionalComplexFixed - INFO - 🔄 市场状态变更: RANGING -> VOLATILE (置信度: 1.00)
19:34:52 - ProfessionalComplexFixed - INFO - 🔄 市场状态变更: VOLATILE -> RANGING (置信度: 1.00)
19:34:53 - ProfessionalComplexFixed - INFO - 🔄 市场状态变更: RANGING -> VOLATILE (置信度: 1.00)
19:35:13 - ProfessionalComplexFixed - INFO - 🔄 市场状态变更: VOLATILE -> RANGING (置信度: 1.00)
19:35:14 - ProfessionalComplexFixed - INFO - 🔄 市场状态变更: RANGING -> VOLATILE (置信度: 1.00)
19:35:19 - ProfessionalComplexFixed - INFO - 🔄 市场状态变更: VOLATILE -> RANGING (置信度: 1.00)
19:35:20 - ProfessionalComplexFixed - INFO - 🔄 市场状态变更: RANGING -> VOLATILE (置信度: 1.00)
19:35:32 - ProfessionalComplexFixed - INFO - 🔄 市场状态变更: VOLATILE -> RANGING (置信度: 1.00)
19:35:35 - ProfessionalComplexFixed - INFO - 🔄 市场状态变更: RANGING -> VOLATILE (置信度: 1.00)
19:35:45 - ProfessionalComplexFixed - INFO - 🔄 市场状态变更: VOLATILE -> RANGING (置信度: 1.00)
19:35:47 - ProfessionalComplexFixed - INFO - 🔄 市场状态变更: RANGING -> VOLATILE (置信度: 1.00)
19:35:51 - ProfessionalComplexFixed - INFO - 🔄 市场状态变更: VOLATILE -> RANGING (置信度: 1.00)
19:35:53 - ProfessionalComplexFixed - INFO - 🔄 市场状态变更: RANGING -> VOLATILE (置信度: 1.00)
19:35:58 - ProfessionalComplexFixed - INFO - 🔄 市场状态变更: VOLATILE -> RANGING (置信度: 1.00)
19:36:00 - ProfessionalComplexFixed - INFO - 🔄 市场状态变更: RANGING -> VOLATILE (置信度: 1.00)
19:36:02 - ProfessionalComplexFixed - INFO - 🔄 市场状态变更: VOLATILE -> RANGING (置信度: 1.00)
19:36:03 - ProfessionalComplexFixed - INFO - 🔄 市场状态变更: RANGING -> VOLATILE (置信度: 1.00)
19:36:52 - ProfessionalComplexFixed - INFO - 🔄 市场状态变更: VOLATILE -> RANGING (置信度: 1.00)
19:36:54 - ProfessionalComplexFixed - INFO - 🔄 市场状态变更: RANGING -> VOLATILE (置信度: 1.00)
19:37:25 - ProfessionalComplexFixed - INFO - 🔄 市场状态变更: VOLATILE -> RANGING (置信度: 1.00)
19:37:26 - ProfessionalComplexFixed - INFO - 🔄 市场状态变更: RANGING -> VOLATILE (置信度: 1.00)
19:37:54 - ProfessionalComplexFixed - INFO - 🔄 市场状态变更: VOLATILE -> RANGING (置信度: 1.00)
19:37:55 - ProfessionalComplexFixed - INFO - 🔄 市场状态变更: RANGING -> VOLATILE (置信度: 1.00)
19:38:08 - ProfessionalComplexFixed - INFO - 🔄 市场状态变更: VOLATILE -> RANGING (置信度: 1.00)
19:38:10 - ProfessionalComplexFixed - INFO - 🔄 市场状态变更: RANGING -> VOLATILE (置信度: 1.00)
19:38:11 - ProfessionalComplexFixed - INFO - 🔄 市场状态变更: VOLATILE -> RANGING (置信度: 1.00)
19:38:12 - ProfessionalComplexFixed - INFO - 🔄 市场状态变更: RANGING -> VOLATILE (置信度: 1.00)
19:38:17 - ProfessionalComplexFixed - INFO - 🔄 市场状态变更: VOLATILE -> RANGING (置信度: 1.00)
19:38:18 - ProfessionalComplexFixed - INFO - 🔄 市场状态变更: RANGING -> VOLATILE (置信度: 1.00)
19:38:19 - ProfessionalComplexFixed - INFO - 🔄 市场状态变更: VOLATILE -> RANGING (置信度: 1.00)
19:38:21 - ProfessionalComplexFixed - INFO - 🔄 市场状态变更: RANGING -> VOLATILE (置信度: 1.00)
19:38:29 - ProfessionalComplexFixed - INFO - 🔄 市场状态变更: VOLATILE -> RANGING (置信度: 1.00)
19:38:30 - ProfessionalComplexFixed - INFO - 🔄 市场状态变更: RANGING -> VOLATILE (置信度: 1.00)
19:38:31 - ProfessionalComplexFixed - INFO - 🔄 市场状态变更: VOLATILE -> RANGING (置信度: 1.00)
19:38:33 - ProfessionalComplexFixed - INFO - 🔄 市场状态变更: RANGING -> VOLATILE (置信度: 1.00)
19:39:24 - ProfessionalComplexFixed - INFO - 🔄 市场状态变更: VOLATILE -> RANGING (置信度: 1.00)
19:39:25 - ProfessionalComplexFixed - INFO - 🔄 市场状态变更: RANGING -> VOLATILE (置信度: 1.00)
19:39:26 - ProfessionalComplexFixed - INFO - 🔄 市场状态变更: VOLATILE -> RANGING (置信度: 1.00)
19:39:27 - ProfessionalComplexFixed - INFO - 🔄 市场状态变更: RANGING -> VOLATILE (置信度: 1.00)
19:39:49 - ProfessionalComplexFixed - INFO - 🔄 市场状态变更: VOLATILE -> RANGING (置信度: 1.00)
19:39:50 - ProfessionalComplexFixed - INFO - 🔄 市场状态变更: RANGING -> VOLATILE (置信度: 1.00)
19:39:51 - ProfessionalComplexFixed - INFO - 🔄 市场状态变更: VOLATILE -> RANGING (置信度: 1.00)
19:39:54 - ProfessionalComplexFixed - INFO - 🔄 市场状态变更: RANGING -> VOLATILE (置信度: 1.00)
19:40:11 - ProfessionalComplexFixed - INFO - 🔄 市场状态变更: VOLATILE -> RANGING (置信度: 1.00)
19:40:13 - ProfessionalComplexFixed - INFO - 🔄 市场状态变更: RANGING -> VOLATILE (置信度: 1.00)
19:40:18 - ProfessionalComplexFixed - INFO - 🔄 市场状态变更: VOLATILE -> RANGING (置信度: 1.00)
19:40:20 - ProfessionalComplexFixed - INFO - 🔄 市场状态变更: RANGING -> VOLATILE (置信度: 1.00)
19:40:31 - ProfessionalComplexFixed - INFO - 🔄 市场状态变更: VOLATILE -> RANGING (置信度: 1.00)
19:40:32 - ProfessionalComplexFixed - INFO - 🔄 市场状态变更: RANGING -> VOLATILE (置信度: 1.00)
19:40:37 - ProfessionalComplexFixed - INFO - 🔄 市场状态变更: VOLATILE -> RANGING (置信度: 1.00)
19:40:38 - ProfessionalComplexFixed - INFO - 🔄 市场状态变更: RANGING -> VOLATILE (置信度: 1.00)
19:40:42 - ProfessionalComplexFixed - INFO - 🔄 市场状态变更: VOLATILE -> RANGING (置信度: 1.00)
19:40:43 - ProfessionalComplexFixed - INFO - 🔄 市场状态变更: RANGING -> VOLATILE (置信度: 1.00)
19:40:48 - ProfessionalComplexFixed - INFO - 🔄 市场状态变更: VOLATILE -> RANGING (置信度: 1.00)
19:40:49 - ProfessionalComplexFixed - INFO - 🔄 市场状态变更: RANGING -> VOLATILE (置信度: 1.00)
19:40:50 - ProfessionalComplexFixed - INFO - 🔄 市场状态变更: VOLATILE -> RANGING (置信度: 1.00)
19:40:51 - ProfessionalComplexFixed - INFO - 🔄 市场状态变更: RANGING -> VOLATILE (置信度: 1.00)
19:40:53 - ProfessionalComplexFixed - INFO - 🔄 市场状态变更: VOLATILE -> RANGING (置信度: 1.00)
19:40:55 - ProfessionalComplexFixed - INFO - 🔄 市场状态变更: RANGING -> VOLATILE (置信度: 1.00)
19:40:58 - ProfessionalComplexFixed - INFO - 🔄 市场状态变更: VOLATILE -> RANGING (置信度: 1.00)
19:41:00 - ProfessionalComplexFixed - INFO - 🔄 市场状态变更: RANGING -> VOLATILE (置信度: 1.00)
19:41:06 - ProfessionalComplexFixed - INFO - 🔄 市场状态变更: VOLATILE -> RANGING (置信度: 1.00)
19:41:07 - ProfessionalComplexFixed - INFO - 🔄 市场状态变更: RANGING -> VOLATILE (置信度: 1.00)
19:41:32 - ProfessionalComplexFixed - INFO - 🔄 市场状态变更: VOLATILE -> RANGING (置信度: 1.00)
19:41:33 - ProfessionalComplexFixed - INFO - 🔄 市场状态变更: RANGING -> VOLATILE (置信度: 1.00)
19:41:43 - ProfessionalComplexFixed - INFO - 🔄 市场状态变更: VOLATILE -> RANGING (置信度: 1.00)
19:41:44 - ProfessionalComplexFixed - INFO - 🔄 市场状态变更: RANGING -> VOLATILE (置信度: 1.00)
19:41:53 - ProfessionalComplexFixed - INFO - 🔄 市场状态变更: VOLATILE -> RANGING (置信度: 1.00)
19:41:54 - ProfessionalComplexFixed - INFO - 🔄 市场状态变更: RANGING -> VOLATILE (置信度: 1.00)
19:42:18 - ProfessionalComplexFixed - INFO - 🔄 市场状态变更: VOLATILE -> RANGING (置信度: 1.00)
19:42:20 - ProfessionalComplexFixed - INFO - 🔄 市场状态变更: RANGING -> VOLATILE (置信度: 1.00)
19:42:38 - ProfessionalComplexFixed - INFO - 🔄 市场状态变更: VOLATILE -> RANGING (置信度: 1.00)
19:42:40 - ProfessionalComplexFixed - INFO - 🔄 市场状态变更: RANGING -> VOLATILE (置信度: 1.00)
19:43:22 - ProfessionalComplexFixed - INFO - 🔄 市场状态变更: VOLATILE -> RANGING (置信度: 1.00)
19:43:24 - ProfessionalComplexFixed - INFO - 🔄 市场状态变更: RANGING -> VOLATILE (置信度: 1.00)
19:43:31 - ProfessionalComplexFixed - INFO - 🔄 市场状态变更: VOLATILE -> RANGING (置信度: 1.00)
19:43:32 - ProfessionalComplexFixed - INFO - 🔄 市场状态变更: RANGING -> VOLATILE (置信度: 1.00)
19:43:50 - ProfessionalComplexFixed - INFO - 🔄 市场状态变更: VOLATILE -> RANGING (置信度: 1.00)
19:43:56 - ProfessionalComplexFixed - INFO - 🔄 市场状态变更: RANGING -> VOLATILE (置信度: 1.00)
19:44:19 - ProfessionalComplexFixed - INFO - 🔄 市场状态变更: VOLATILE -> RANGING (置信度: 1.00)
19:44:21 - ProfessionalComplexFixed - INFO - 🔄 市场状态变更: RANGING -> VOLATILE (置信度: 1.00)
19:44:26 - ProfessionalComplexFixed - INFO - 🔄 市场状态变更: VOLATILE -> RANGING (置信度: 1.00)
19:44:27 - ProfessionalComplexFixed - INFO - 🔄 市场状态变更: RANGING -> VOLATILE (置信度: 1.00)
19:44:48 - ProfessionalComplexFixed - INFO - 🔄 市场状态变更: VOLATILE -> RANGING (置信度: 1.00)
19:44:51 - ProfessionalComplexFixed - INFO - 🔄 市场状态变更: RANGING -> VOLATILE (置信度: 1.00)
19:44:52 - ProfessionalComplexFixed - INFO - 🔄 市场状态变更: VOLATILE -> RANGING (置信度: 1.00)
19:44:54 - ProfessionalComplexFixed - INFO - 🔄 市场状态变更: RANGING -> VOLATILE (置信度: 1.00)
19:45:06 - ProfessionalComplexFixed - INFO - 🔄 市场状态变更: VOLATILE -> RANGING (置信度: 1.00)
19:45:07 - ProfessionalComplexFixed - INFO - 🔄 市场状态变更: RANGING -> VOLATILE (置信度: 1.00)
19:45:11 - ProfessionalComplexFixed - INFO - 🔄 市场状态变更: VOLATILE -> RANGING (置信度: 1.00)
19:45:14 - ProfessionalComplexFixed - INFO - 🔄 市场状态变更: RANGING -> VOLATILE (置信度: 1.00)
19:45:17 - ProfessionalComplexFixed - INFO - 🔄 市场状态变更: VOLATILE -> RANGING (置信度: 1.00)
19:45:18 - ProfessionalComplexFixed - INFO - 🔄 市场状态变更: RANGING -> VOLATILE (置信度: 1.00)
19:45:56 - ProfessionalComplexFixed - INFO - 🔄 市场状态变更: VOLATILE -> RANGING (置信度: 1.00)
19:45:57 - ProfessionalComplexFixed - INFO - 🔄 市场状态变更: RANGING -> VOLATILE (置信度: 1.00)
19:47:48 - ProfessionalComplexFixed - INFO - 🔄 市场状态变更: VOLATILE -> RANGING (置信度: 1.00)
19:47:49 - ProfessionalComplexFixed - INFO - 🔄 市场状态变更: RANGING -> VOLATILE (置信度: 1.00)
19:48:02 - ProfessionalComplexFixed - INFO - 🔄 市场状态变更: VOLATILE -> RANGING (置信度: 1.00)
19:48:03 - ProfessionalComplexFixed - INFO - 🔄 市场状态变更: RANGING -> VOLATILE (置信度: 1.00)
19:48:27 - ProfessionalComplexFixed - INFO - 🔄 市场状态变更: VOLATILE -> RANGING (置信度: 1.00)
19:48:29 - ProfessionalComplexFixed - INFO - 🔄 市场状态变更: RANGING -> VOLATILE (置信度: 1.00)
19:48:34 - ProfessionalComplexFixed - INFO - 🔄 市场状态变更: VOLATILE -> RANGING (置信度: 1.00)
19:48:35 - ProfessionalComplexFixed - INFO - 🔄 市场状态变更: RANGING -> VOLATILE (置信度: 1.00)
19:48:41 - ProfessionalComplexFixed - INFO - 🔄 市场状态变更: VOLATILE -> RANGING (置信度: 1.00)
19:48:42 - ProfessionalComplexFixed - INFO - 🔄 市场状态变更: RANGING -> VOLATILE (置信度: 1.00)
19:49:05 - ProfessionalComplexFixed - INFO - 🔄 市场状态变更: VOLATILE -> RANGING (置信度: 1.00)
19:49:07 - ProfessionalComplexFixed - INFO - 🔄 市场状态变更: RANGING -> VOLATILE (置信度: 1.00)
19:50:06 - ProfessionalComplexFixed - INFO - 🔄 市场状态变更: VOLATILE -> RANGING (置信度: 1.00)
19:50:08 - ProfessionalComplexFixed - INFO - 🔄 市场状态变更: RANGING -> VOLATILE (置信度: 1.00)
19:50:11 - ProfessionalComplexFixed - INFO - 🔄 市场状态变更: VOLATILE -> RANGING (置信度: 1.00)
19:50:12 - ProfessionalComplexFixed - INFO - 🔄 市场状态变更: RANGING -> VOLATILE (置信度: 1.00)
19:50:28 - ProfessionalComplexFixed - INFO - 🔄 市场状态变更: VOLATILE -> RANGING (置信度: 1.00)
19:50:29 - ProfessionalComplexFixed - INFO - 🔄 市场状态变更: RANGING -> VOLATILE (置信度: 1.00)
19:50:47 - ProfessionalComplexFixed - INFO - 🔄 市场状态变更: VOLATILE -> RANGING (置信度: 1.00)
19:50:48 - ProfessionalComplexFixed - INFO - 🔄 市场状态变更: RANGING -> VOLATILE (置信度: 1.00)
19:50:52 - ProfessionalComplexFixed - INFO - 🔄 市场状态变更: VOLATILE -> RANGING (置信度: 1.00)
19:50:57 - ProfessionalComplexFixed - INFO - 🔄 市场状态变更: RANGING -> VOLATILE (置信度: 1.00)
19:51:00 - ProfessionalComplexFixed - INFO - 🔄 市场状态变更: VOLATILE -> RANGING (置信度: 1.00)
19:51:01 - ProfessionalComplexFixed - INFO - 🔄 市场状态变更: RANGING -> VOLATILE (置信度: 1.00)
19:51:33 - ProfessionalComplexFixed - INFO - 🔄 市场状态变更: VOLATILE -> RANGING (置信度: 1.00)
19:51:34 - ProfessionalComplexFixed - INFO - 🔄 市场状态变更: RANGING -> VOLATILE (置信度: 1.00)
19:51:36 - ProfessionalComplexFixed - INFO - 🔄 市场状态变更: VOLATILE -> RANGING (置信度: 1.00)
19:51:37 - ProfessionalComplexFixed - INFO - 🔄 市场状态变更: RANGING -> VOLATILE (置信度: 1.00)
19:51:54 - ProfessionalComplexFixed - INFO - 🔄 市场状态变更: VOLATILE -> RANGING (置信度: 1.00)
19:51:58 - ProfessionalComplexFixed - INFO - 🔄 市场状态变更: RANGING -> VOLATILE (置信度: 1.00)
19:52:19 - ProfessionalComplexFixed - INFO - 🔄 市场状态变更: VOLATILE -> RANGING (置信度: 1.00)
19:52:20 - ProfessionalComplexFixed - INFO - 🔄 市场状态变更: RANGING -> VOLATILE (置信度: 1.00)
19:52:25 - ProfessionalComplexFixed - INFO - 🔄 市场状态变更: VOLATILE -> RANGING (置信度: 1.00)
19:52:26 - ProfessionalComplexFixed - INFO - 🔄 市场状态变更: RANGING -> VOLATILE (置信度: 1.00)
19:52:43 - ProfessionalComplexFixed - INFO - 🔄 市场状态变更: VOLATILE -> RANGING (置信度: 1.00)
19:52:45 - ProfessionalComplexFixed - INFO - 🔄 市场状态变更: RANGING -> VOLATILE (置信度: 1.00)
19:52:51 - ProfessionalComplexFixed - INFO - 🔄 市场状态变更: VOLATILE -> RANGING (置信度: 1.00)
19:52:52 - ProfessionalComplexFixed - INFO - 🔄 市场状态变更: RANGING -> VOLATILE (置信度: 1.00)
19:53:03 - ProfessionalComplexFixed - INFO - 🔄 市场状态变更: VOLATILE -> RANGING (置信度: 1.00)
19:53:04 - ProfessionalComplexFixed - INFO - 🔄 市场状态变更: RANGING -> VOLATILE (置信度: 1.00)
19:53:08 - ProfessionalComplexFixed - INFO - 🔄 市场状态变更: VOLATILE -> RANGING (置信度: 1.00)
19:53:10 - ProfessionalComplexFixed - INFO - 🔄 市场状态变更: RANGING -> VOLATILE (置信度: 1.00)
19:53:20 - ProfessionalComplexFixed - INFO - 🔄 市场状态变更: VOLATILE -> RANGING (置信度: 1.00)
19:53:21 - ProfessionalComplexFixed - INFO - 🔄 市场状态变更: RANGING -> VOLATILE (置信度: 1.00)
19:53:57 - ProfessionalComplexFixed - INFO - 🔄 市场状态变更: VOLATILE -> RANGING (置信度: 1.00)
19:53:58 - ProfessionalComplexFixed - INFO - 🔄 市场状态变更: RANGING -> VOLATILE (置信度: 1.00)
19:54:03 - ProfessionalComplexFixed - INFO - 🔄 市场状态变更: VOLATILE -> RANGING (置信度: 1.00)
19:54:06 - ProfessionalComplexFixed - INFO - 🔄 市场状态变更: RANGING -> VOLATILE (置信度: 1.00)
19:54:09 - ProfessionalComplexFixed - INFO - 🔄 市场状态变更: VOLATILE -> RANGING (置信度: 1.00)
19:54:10 - ProfessionalComplexFixed - INFO - 🔄 市场状态变更: RANGING -> VOLATILE (置信度: 1.00)
19:54:12 - ProfessionalComplexFixed - INFO - 🔄 市场状态变更: VOLATILE -> RANGING (置信度: 1.00)
19:54:13 - ProfessionalComplexFixed - INFO - 🔄 市场状态变更: RANGING -> VOLATILE (置信度: 1.00)
19:54:43 - ProfessionalComplexFixed - INFO - 🔄 市场状态变更: VOLATILE -> RANGING (置信度: 1.00)
19:54:44 - ProfessionalComplexFixed - INFO - 🔄 市场状态变更: RANGING -> VOLATILE (置信度: 1.00)
19:55:00 - ProfessionalComplexFixed - INFO - 🔄 市场状态变更: VOLATILE -> RANGING (置信度: 1.00)
19:55:01 - ProfessionalComplexFixed - INFO - 🔄 市场状态变更: RANGING -> VOLATILE (置信度: 1.00)
19:56:43 - ProfessionalComplexFixed - INFO - 🔄 市场状态变更: VOLATILE -> RANGING (置信度: 1.00)
19:56:44 - ProfessionalComplexFixed - INFO - 🔄 市场状态变更: RANGING -> VOLATILE (置信度: 1.00)
19:56:49 - ProfessionalComplexFixed - INFO - 🔄 市场状态变更: VOLATILE -> RANGING (置信度: 1.00)
19:56:50 - ProfessionalComplexFixed - INFO - 🔄 市场状态变更: RANGING -> VOLATILE (置信度: 1.00)
19:57:09 - ProfessionalComplexFixed - INFO - 🔄 市场状态变更: VOLATILE -> RANGING (置信度: 1.00)
19:57:10 - ProfessionalComplexFixed - INFO - 🔄 市场状态变更: RANGING -> VOLATILE (置信度: 1.00)
19:57:46 - ProfessionalComplexFixed - INFO - 🔄 市场状态变更: VOLATILE -> RANGING (置信度: 1.00)
19:57:47 - ProfessionalComplexFixed - INFO - 🔄 市场状态变更: RANGING -> VOLATILE (置信度: 1.00)
19:58:39 - ProfessionalComplexFixed - INFO - 🔄 市场状态变更: VOLATILE -> RANGING (置信度: 1.00)
19:58:40 - ProfessionalComplexFixed - INFO - 🔄 市场状态变更: RANGING -> VOLATILE (置信度: 1.00)
19:58:48 - ProfessionalComplexFixed - INFO - 🔄 市场状态变更: VOLATILE -> RANGING (置信度: 1.00)
19:58:49 - ProfessionalComplexFixed - INFO - 🔄 市场状态变更: RANGING -> VOLATILE (置信度: 1.00)
19:58:55 - ProfessionalComplexFixed - INFO - 🔄 市场状态变更: VOLATILE -> RANGING (置信度: 1.00)
19:58:57 - ProfessionalComplexFixed - INFO - 🔄 市场状态变更: RANGING -> VOLATILE (置信度: 1.00)
19:59:40 - ProfessionalComplexFixed - INFO - 🔄 市场状态变更: VOLATILE -> RANGING (置信度: 1.00)
19:59:41 - ProfessionalComplexFixed - INFO - 🔄 市场状态变更: RANGING -> VOLATILE (置信度: 1.00)
20:01:18 - ProfessionalComplexFixed - INFO - 🔄 市场状态变更: VOLATILE -> RANGING (置信度: 1.00)
20:01:19 - ProfessionalComplexFixed - INFO - 🔄 市场状态变更: RANGING -> VOLATILE (置信度: 1.00)
20:01:53 - ProfessionalComplexFixed - INFO - 🔄 市场状态变更: VOLATILE -> RANGING (置信度: 1.00)
20:01:54 - ProfessionalComplexFixed - INFO - 🔄 市场状态变更: RANGING -> VOLATILE (置信度: 1.00)
20:02:08 - ProfessionalComplexFixed - INFO - 🔄 市场状态变更: VOLATILE -> RANGING (置信度: 1.00)
20:02:09 - ProfessionalComplexFixed - INFO - 🔄 市场状态变更: RANGING -> VOLATILE (置信度: 1.00)
20:02:12 - ProfessionalComplexFixed - INFO - 🔄 市场状态变更: VOLATILE -> RANGING (置信度: 1.00)
20:02:13 - ProfessionalComplexFixed - INFO - 🔄 市场状态变更: RANGING -> VOLATILE (置信度: 1.00)
20:02:37 - ProfessionalComplexFixed - INFO - 🔄 市场状态变更: VOLATILE -> RANGING (置信度: 1.00)
20:02:39 - ProfessionalComplexFixed - INFO - 🔄 市场状态变更: RANGING -> VOLATILE (置信度: 1.00)
20:04:18 - ProfessionalComplexFixed - INFO - 🔄 市场状态变更: VOLATILE -> RANGING (置信度: 1.00)
20:04:19 - ProfessionalComplexFixed - INFO - 🔄 市场状态变更: RANGING -> VOLATILE (置信度: 1.00)
20:04:21 - ProfessionalComplexFixed - INFO - 🔄 市场状态变更: VOLATILE -> RANGING (置信度: 1.00)
20:04:22 - ProfessionalComplexFixed - INFO - 🔄 市场状态变更: RANGING -> VOLATILE (置信度: 1.00)
20:04:28 - ProfessionalComplexFixed - INFO - 🔄 市场状态变更: VOLATILE -> RANGING (置信度: 1.00)
20:04:29 - ProfessionalComplexFixed - INFO - 🔄 市场状态变更: RANGING -> VOLATILE (置信度: 1.00)
20:04:40 - ProfessionalComplexFixed - INFO - 🔄 市场状态变更: VOLATILE -> RANGING (置信度: 1.00)
20:04:41 - ProfessionalComplexFixed - INFO - 🔄 市场状态变更: RANGING -> VOLATILE (置信度: 1.00)
20:07:21 - ProfessionalComplexFixed - INFO - 🔄 市场状态变更: VOLATILE -> RANGING (置信度: 1.00)
20:07:22 - ProfessionalComplexFixed - INFO - 🔄 市场状态变更: RANGING -> VOLATILE (置信度: 1.00)
20:07:41 - ProfessionalComplexFixed - INFO - 🔄 市场状态变更: VOLATILE -> RANGING (置信度: 1.00)
20:07:42 - ProfessionalComplexFixed - INFO - 🔄 市场状态变更: RANGING -> VOLATILE (置信度: 1.00)
20:08:57 - ProfessionalComplexFixed - INFO - 🔄 市场状态变更: VOLATILE -> RANGING (置信度: 1.00)
20:08:59 - ProfessionalComplexFixed - INFO - 🔄 市场状态变更: RANGING -> VOLATILE (置信度: 1.00)
20:09:01 - ProfessionalComplexFixed - INFO - 🔄 市场状态变更: VOLATILE -> RANGING (置信度: 1.00)
20:09:03 - ProfessionalComplexFixed - INFO - 🔄 市场状态变更: RANGING -> VOLATILE (置信度: 1.00)
20:09:51 - ProfessionalComplexFixed - INFO - 🔄 市场状态变更: VOLATILE -> RANGING (置信度: 1.00)
20:09:52 - ProfessionalComplexFixed - INFO - 🔄 市场状态变更: RANGING -> VOLATILE (置信度: 1.00)
20:09:53 - ProfessionalComplexFixed - INFO - 🔄 市场状态变更: VOLATILE -> RANGING (置信度: 1.00)
20:09:54 - ProfessionalComplexFixed - INFO - 🔄 市场状态变更: RANGING -> VOLATILE (置信度: 1.00)
20:10:27 - ProfessionalComplexFixed - INFO - 🔄 市场状态变更: VOLATILE -> RANGING (置信度: 1.00)
20:10:28 - ProfessionalComplexFixed - INFO - 🔄 市场状态变更: RANGING -> VOLATILE (置信度: 1.00)
20:10:34 - ProfessionalComplexFixed - INFO - 🔄 市场状态变更: VOLATILE -> RANGING (置信度: 1.00)
20:10:35 - ProfessionalComplexFixed - INFO - 🔄 市场状态变更: RANGING -> VOLATILE (置信度: 1.00)
20:11:39 - ProfessionalComplexFixed - INFO - 🔄 市场状态变更: VOLATILE -> RANGING (置信度: 1.00)
20:11:40 - ProfessionalComplexFixed - INFO - 🔄 市场状态变更: RANGING -> VOLATILE (置信度: 1.00)
20:11:51 - ProfessionalComplexFixed - INFO - 🔄 市场状态变更: VOLATILE -> RANGING (置信度: 1.00)
20:11:52 - ProfessionalComplexFixed - INFO - 🔄 市场状态变更: RANGING -> VOLATILE (置信度: 1.00)
20:12:30 - ProfessionalComplexFixed - INFO - 🔄 市场状态变更: VOLATILE -> RANGING (置信度: 1.00)
20:12:31 - ProfessionalComplexFixed - INFO - 🔄 市场状态变更: RANGING -> VOLATILE (置信度: 1.00)
20:12:46 - ProfessionalComplexFixed - INFO - 🔄 市场状态变更: VOLATILE -> RANGING (置信度: 1.00)
20:12:47 - ProfessionalComplexFixed - INFO - 🔄 市场状态变更: RANGING -> VOLATILE (置信度: 1.00)
20:12:58 - ProfessionalComplexFixed - INFO - 🔄 市场状态变更: VOLATILE -> RANGING (置信度: 1.00)
20:13:00 - ProfessionalComplexFixed - INFO - 🔄 市场状态变更: RANGING -> VOLATILE (置信度: 1.00)
20:13:45 - ProfessionalComplexFixed - INFO - 🔄 市场状态变更: VOLATILE -> RANGING (置信度: 1.00)
20:13:48 - ProfessionalComplexFixed - INFO - 🔄 市场状态变更: RANGING -> VOLATILE (置信度: 1.00)
20:14:15 - ProfessionalComplexFixed - INFO - 🔄 市场状态变更: VOLATILE -> RANGING (置信度: 1.00)
20:14:16 - ProfessionalComplexFixed - INFO - 🔄 市场状态变更: RANGING -> VOLATILE (置信度: 1.00)
20:14:47 - ProfessionalComplexFixed - INFO - 🔄 市场状态变更: VOLATILE -> RANGING (置信度: 1.00)
20:14:48 - ProfessionalComplexFixed - INFO - 🔄 市场状态变更: RANGING -> VOLATILE (置信度: 1.00)
20:15:21 - ProfessionalComplexFixed - INFO - 🔄 市场状态变更: VOLATILE -> RANGING (置信度: 1.00)
20:15:22 - ProfessionalComplexFixed - INFO - 🔄 市场状态变更: RANGING -> VOLATILE (置信度: 1.00)
20:15:57 - ProfessionalComplexFixed - INFO - 🔄 市场状态变更: VOLATILE -> RANGING (置信度: 1.00)
20:15:58 - ProfessionalComplexFixed - INFO - 🔄 市场状态变更: RANGING -> VOLATILE (置信度: 1.00)
20:16:01 - ProfessionalComplexFixed - INFO - 🔄 市场状态变更: VOLATILE -> RANGING (置信度: 1.00)
20:16:02 - ProfessionalComplexFixed - INFO - 🔄 市场状态变更: RANGING -> VOLATILE (置信度: 1.00)
20:16:30 - ProfessionalComplexFixed - INFO - 🔄 市场状态变更: VOLATILE -> RANGING (置信度: 1.00)
20:16:31 - ProfessionalComplexFixed - INFO - 🔄 市场状态变更: RANGING -> VOLATILE (置信度: 1.00)
20:16:46 - ProfessionalComplexFixed - INFO - 🔄 市场状态变更: VOLATILE -> RANGING (置信度: 1.00)
20:16:47 - ProfessionalComplexFixed - INFO - 🔄 市场状态变更: RANGING -> VOLATILE (置信度: 1.00)
20:18:06 - ProfessionalComplexFixed - INFO - 🔄 市场状态变更: VOLATILE -> RANGING (置信度: 1.00)
20:18:07 - ProfessionalComplexFixed - INFO - 🔄 市场状态变更: RANGING -> VOLATILE (置信度: 1.00)
20:18:30 - ProfessionalComplexFixed - INFO - 🔄 市场状态变更: VOLATILE -> RANGING (置信度: 1.00)
20:18:31 - ProfessionalComplexFixed - INFO - 🔄 市场状态变更: RANGING -> VOLATILE (置信度: 1.00)
20:19:10 - ProfessionalComplexFixed - INFO - 🔄 市场状态变更: VOLATILE -> RANGING (置信度: 1.00)
20:19:11 - ProfessionalComplexFixed - INFO - 🔄 市场状态变更: RANGING -> VOLATILE (置信度: 1.00)
20:20:03 - ProfessionalComplexFixed - INFO - 🔄 市场状态变更: VOLATILE -> RANGING (置信度: 1.00)
20:20:04 - ProfessionalComplexFixed - INFO - 🔄 市场状态变更: RANGING -> VOLATILE (置信度: 1.00)
20:22:09 - ProfessionalComplexFixed - INFO - 🔄 市场状态变更: VOLATILE -> RANGING (置信度: 1.00)
20:22:10 - ProfessionalComplexFixed - INFO - 🔄 市场状态变更: RANGING -> VOLATILE (置信度: 1.00)
20:22:25 - ProfessionalComplexFixed - INFO - 🔄 市场状态变更: VOLATILE -> RANGING (置信度: 1.00)
20:22:26 - ProfessionalComplexFixed - INFO - 🔄 市场状态变更: RANGING -> VOLATILE (置信度: 1.00)
20:23:43 - ProfessionalComplexFixed - INFO - 🔄 市场状态变更: VOLATILE -> RANGING (置信度: 1.00)
20:23:44 - ProfessionalComplexFixed - INFO - 🔄 市场状态变更: RANGING -> VOLATILE (置信度: 1.00)
20:23:54 - ProfessionalComplexFixed - INFO - 🔄 市场状态变更: VOLATILE -> RANGING (置信度: 1.00)
20:23:55 - ProfessionalComplexFixed - INFO - 🔄 市场状态变更: RANGING -> VOLATILE (置信度: 1.00)
20:24:04 - ProfessionalComplexFixed - INFO - 🔄 市场状态变更: VOLATILE -> RANGING (置信度: 1.00)
20:24:06 - ProfessionalComplexFixed - INFO - 🔄 市场状态变更: RANGING -> VOLATILE (置信度: 1.00)
20:24:13 - ProfessionalComplexFixed - INFO - 🔄 市场状态变更: VOLATILE -> RANGING (置信度: 1.00)
20:24:14 - ProfessionalComplexFixed - INFO - 🔄 市场状态变更: RANGING -> VOLATILE (置信度: 1.00)
20:24:19 - ProfessionalComplexFixed - INFO - 🔄 市场状态变更: VOLATILE -> RANGING (置信度: 1.00)
20:24:20 - ProfessionalComplexFixed - INFO - 🔄 市场状态变更: RANGING -> VOLATILE (置信度: 1.00)
20:24:25 - ProfessionalComplexFixed - INFO - 🔄 市场状态变更: VOLATILE -> RANGING (置信度: 1.00)
20:24:26 - ProfessionalComplexFixed - INFO - 🔄 市场状态变更: RANGING -> VOLATILE (置信度: 1.00)
20:24:32 - ProfessionalComplexFixed - INFO - 🔄 市场状态变更: VOLATILE -> RANGING (置信度: 1.00)
20:24:33 - ProfessionalComplexFixed - INFO - 🔄 市场状态变更: RANGING -> VOLATILE (置信度: 1.00)
20:24:49 - ProfessionalComplexFixed - INFO - 🔄 市场状态变更: VOLATILE -> RANGING (置信度: 1.00)
20:24:50 - ProfessionalComplexFixed - INFO - 🔄 市场状态变更: RANGING -> VOLATILE (置信度: 1.00)
20:24:59 - ProfessionalComplexFixed - INFO - 🔄 市场状态变更: VOLATILE -> RANGING (置信度: 1.00)
20:25:00 - ProfessionalComplexFixed - INFO - 🔄 市场状态变更: RANGING -> VOLATILE (置信度: 1.00)
20:25:48 - ProfessionalComplexFixed - INFO - 🔄 市场状态变更: VOLATILE -> RANGING (置信度: 1.00)
20:25:49 - ProfessionalComplexFixed - INFO - 🔄 市场状态变更: RANGING -> VOLATILE (置信度: 1.00)
20:26:34 - ProfessionalComplexFixed - INFO - 🔄 市场状态变更: VOLATILE -> RANGING (置信度: 1.00)
20:26:35 - ProfessionalComplexFixed - INFO - 🔄 市场状态变更: RANGING -> VOLATILE (置信度: 1.00)
20:26:39 - ProfessionalComplexFixed - INFO - 🔄 市场状态变更: VOLATILE -> RANGING (置信度: 1.00)
20:26:40 - ProfessionalComplexFixed - INFO - 🔄 市场状态变更: RANGING -> VOLATILE (置信度: 1.00)
20:26:53 - ProfessionalComplexFixed - INFO - 🔄 市场状态变更: VOLATILE -> RANGING (置信度: 1.00)
20:26:56 - ProfessionalComplexFixed - INFO - 🔄 市场状态变更: RANGING -> VOLATILE (置信度: 1.00)
20:27:10 - ProfessionalComplexFixed - INFO - 🔄 市场状态变更: VOLATILE -> RANGING (置信度: 1.00)
20:27:11 - ProfessionalComplexFixed - INFO - 🔄 市场状态变更: RANGING -> VOLATILE (置信度: 1.00)
20:27:18 - ProfessionalComplexFixed - INFO - 🔄 市场状态变更: VOLATILE -> RANGING (置信度: 1.00)
20:27:19 - ProfessionalComplexFixed - INFO - 🔄 市场状态变更: RANGING -> VOLATILE (置信度: 1.00)
20:28:09 - ProfessionalComplexFixed - INFO - 🔄 市场状态变更: VOLATILE -> RANGING (置信度: 1.00)
20:28:10 - ProfessionalComplexFixed - INFO - 🔄 市场状态变更: RANGING -> VOLATILE (置信度: 1.00)
20:28:23 - ProfessionalComplexFixed - INFO - 🔄 市场状态变更: VOLATILE -> RANGING (置信度: 1.00)
20:28:24 - ProfessionalComplexFixed - INFO - 🔄 市场状态变更: RANGING -> VOLATILE (置信度: 1.00)
20:28:28 - ProfessionalComplexFixed - INFO - 🔄 市场状态变更: VOLATILE -> RANGING (置信度: 1.00)
20:28:29 - ProfessionalComplexFixed - INFO - 🔄 市场状态变更: RANGING -> VOLATILE (置信度: 1.00)
20:28:48 - ProfessionalComplexFixed - INFO - 🔄 市场状态变更: VOLATILE -> RANGING (置信度: 1.00)
20:28:49 - ProfessionalComplexFixed - INFO - 🔄 市场状态变更: RANGING -> VOLATILE (置信度: 1.00)
20:29:03 - ProfessionalComplexFixed - INFO - 🔄 市场状态变更: VOLATILE -> RANGING (置信度: 1.00)
20:29:04 - ProfessionalComplexFixed - INFO - 🔄 市场状态变更: RANGING -> VOLATILE (置信度: 1.00)
20:29:09 - ProfessionalComplexFixed - INFO - 🔄 市场状态变更: VOLATILE -> RANGING (置信度: 1.00)
20:29:10 - ProfessionalComplexFixed - INFO - 🔄 市场状态变更: RANGING -> VOLATILE (置信度: 1.00)
20:29:24 - ProfessionalComplexFixed - INFO - 🔄 市场状态变更: VOLATILE -> RANGING (置信度: 1.00)
20:29:25 - ProfessionalComplexFixed - INFO - 🔄 市场状态变更: RANGING -> VOLATILE (置信度: 1.00)
20:30:13 - ProfessionalComplexFixed - INFO - 🔄 市场状态变更: VOLATILE -> RANGING (置信度: 1.00)
20:30:14 - ProfessionalComplexFixed - INFO - 🔄 市场状态变更: RANGING -> VOLATILE (置信度: 1.00)
20:30:54 - ProfessionalComplexFixed - INFO - 🔄 市场状态变更: VOLATILE -> RANGING (置信度: 1.00)
20:30:55 - ProfessionalComplexFixed - INFO - 🔄 市场状态变更: RANGING -> VOLATILE (置信度: 1.00)
20:31:43 - ProfessionalComplexFixed - INFO - 🔄 市场状态变更: VOLATILE -> RANGING (置信度: 1.00)
20:31:44 - ProfessionalComplexFixed - INFO - 🔄 市场状态变更: RANGING -> VOLATILE (置信度: 1.00)
20:31:49 - ProfessionalComplexFixed - INFO - 🔄 市场状态变更: VOLATILE -> RANGING (置信度: 1.00)
20:31:50 - ProfessionalComplexFixed - INFO - 🔄 市场状态变更: RANGING -> VOLATILE (置信度: 1.00)
20:31:58 - ProfessionalComplexFixed - INFO - 🔄 市场状态变更: VOLATILE -> RANGING (置信度: 1.00)
20:31:59 - ProfessionalComplexFixed - INFO - 🔄 市场状态变更: RANGING -> VOLATILE (置信度: 1.00)
20:32:18 - ProfessionalComplexFixed - INFO - 🔄 市场状态变更: VOLATILE -> RANGING (置信度: 1.00)
20:32:19 - ProfessionalComplexFixed - INFO - 🔄 市场状态变更: RANGING -> VOLATILE (置信度: 1.00)
20:32:29 - ProfessionalComplexFixed - INFO - 🔄 市场状态变更: VOLATILE -> RANGING (置信度: 1.00)
20:32:30 - ProfessionalComplexFixed - INFO - 🔄 市场状态变更: RANGING -> VOLATILE (置信度: 1.00)
20:32:31 - ProfessionalComplexFixed - INFO - 🔄 市场状态变更: VOLATILE -> RANGING (置信度: 1.00)
20:32:33 - ProfessionalComplexFixed - INFO - 🔄 市场状态变更: RANGING -> VOLATILE (置信度: 1.00)
20:32:38 - ProfessionalComplexFixed - INFO - 🔄 市场状态变更: VOLATILE -> RANGING (置信度: 1.00)
20:32:40 - ProfessionalComplexFixed - INFO - 🔄 市场状态变更: RANGING -> VOLATILE (置信度: 1.00)
20:32:43 - ProfessionalComplexFixed - INFO - 🔄 市场状态变更: VOLATILE -> RANGING (置信度: 1.00)
20:32:46 - ProfessionalComplexFixed - INFO - 🔄 市场状态变更: RANGING -> VOLATILE (置信度: 1.00)
20:33:29 - ProfessionalComplexFixed - INFO - 🔄 市场状态变更: VOLATILE -> RANGING (置信度: 1.00)
20:33:30 - ProfessionalComplexFixed - INFO - 🔄 市场状态变更: RANGING -> VOLATILE (置信度: 1.00)
20:33:32 - ProfessionalComplexFixed - INFO - 🔄 市场状态变更: VOLATILE -> RANGING (置信度: 1.00)
20:33:33 - ProfessionalComplexFixed - INFO - 🔄 市场状态变更: RANGING -> VOLATILE (置信度: 1.00)
20:33:49 - ProfessionalComplexFixed - INFO - 🔄 市场状态变更: VOLATILE -> RANGING (置信度: 1.00)
20:33:50 - ProfessionalComplexFixed - INFO - 🔄 市场状态变更: RANGING -> VOLATILE (置信度: 1.00)
20:33:55 - ProfessionalComplexFixed - INFO - 🔄 市场状态变更: VOLATILE -> RANGING (置信度: 1.00)
20:33:56 - ProfessionalComplexFixed - INFO - 🔄 市场状态变更: RANGING -> VOLATILE (置信度: 1.00)
20:34:00 - ProfessionalComplexFixed - INFO - 🔄 市场状态变更: VOLATILE -> RANGING (置信度: 1.00)
20:34:01 - ProfessionalComplexFixed - INFO - 🔄 市场状态变更: RANGING -> VOLATILE (置信度: 1.00)
20:34:10 - ProfessionalComplexFixed - INFO - 🔄 市场状态变更: VOLATILE -> RANGING (置信度: 1.00)
20:34:11 - ProfessionalComplexFixed - INFO - 🔄 市场状态变更: RANGING -> VOLATILE (置信度: 1.00)
20:34:17 - ProfessionalComplexFixed - INFO - 🔄 市场状态变更: VOLATILE -> RANGING (置信度: 1.00)
20:34:19 - ProfessionalComplexFixed - INFO - 🔄 市场状态变更: RANGING -> VOLATILE (置信度: 1.00)
20:34:28 - ProfessionalComplexFixed - INFO - 🔄 市场状态变更: VOLATILE -> RANGING (置信度: 1.00)
20:34:30 - ProfessionalComplexFixed - INFO - 🔄 市场状态变更: RANGING -> VOLATILE (置信度: 1.00)
20:34:46 - ProfessionalComplexFixed - INFO - 🔄 市场状态变更: VOLATILE -> RANGING (置信度: 1.00)
20:34:47 - ProfessionalComplexFixed - INFO - 🔄 市场状态变更: RANGING -> VOLATILE (置信度: 1.00)
20:35:00 - ProfessionalComplexFixed - INFO - 🔄 市场状态变更: VOLATILE -> RANGING (置信度: 1.00)
20:35:01 - ProfessionalComplexFixed - INFO - 🔄 市场状态变更: RANGING -> VOLATILE (置信度: 1.00)
20:35:09 - ProfessionalComplexFixed - INFO - 🔄 市场状态变更: VOLATILE -> RANGING (置信度: 1.00)
20:35:10 - ProfessionalComplexFixed - INFO - 🔄 市场状态变更: RANGING -> VOLATILE (置信度: 1.00)
20:35:38 - ProfessionalComplexFixed - INFO - 🔄 市场状态变更: VOLATILE -> RANGING (置信度: 1.00)
20:35:39 - ProfessionalComplexFixed - INFO - 🔄 市场状态变更: RANGING -> VOLATILE (置信度: 1.00)
20:36:14 - ProfessionalComplexFixed - INFO - 🔄 市场状态变更: VOLATILE -> RANGING (置信度: 1.00)
20:36:15 - ProfessionalComplexFixed - INFO - 🔄 市场状态变更: RANGING -> VOLATILE (置信度: 1.00)
20:36:18 - ProfessionalComplexFixed - INFO - 🔄 市场状态变更: VOLATILE -> RANGING (置信度: 1.00)
20:36:19 - ProfessionalComplexFixed - INFO - 🔄 市场状态变更: RANGING -> VOLATILE (置信度: 1.00)
20:36:47 - ProfessionalComplexFixed - INFO - 🔄 市场状态变更: VOLATILE -> RANGING (置信度: 1.00)
20:36:48 - ProfessionalComplexFixed - INFO - 🔄 市场状态变更: RANGING -> VOLATILE (置信度: 1.00)
20:37:06 - ProfessionalComplexFixed - INFO - 🔄 市场状态变更: VOLATILE -> RANGING (置信度: 1.00)
20:37:07 - ProfessionalComplexFixed - INFO - 🔄 市场状态变更: RANGING -> VOLATILE (置信度: 1.00)
20:37:11 - ProfessionalComplexFixed - INFO - 🔄 市场状态变更: VOLATILE -> RANGING (置信度: 1.00)
20:37:13 - ProfessionalComplexFixed - INFO - 🔄 市场状态变更: RANGING -> VOLATILE (置信度: 1.00)
20:37:19 - ProfessionalComplexFixed - INFO - 🔄 市场状态变更: VOLATILE -> RANGING (置信度: 1.00)
20:37:20 - ProfessionalComplexFixed - INFO - 🔄 市场状态变更: RANGING -> VOLATILE (置信度: 1.00)
20:37:48 - ProfessionalComplexFixed - INFO - 🔄 市场状态变更: VOLATILE -> RANGING (置信度: 1.00)
20:37:49 - ProfessionalComplexFixed - INFO - 🔄 市场状态变更: RANGING -> VOLATILE (置信度: 1.00)
20:37:58 - ProfessionalComplexFixed - INFO - 🔄 市场状态变更: VOLATILE -> RANGING (置信度: 1.00)
20:37:59 - ProfessionalComplexFixed - INFO - 🔄 市场状态变更: RANGING -> VOLATILE (置信度: 1.00)
20:38:15 - ProfessionalComplexFixed - INFO - 🔄 市场状态变更: VOLATILE -> RANGING (置信度: 1.00)
20:38:16 - ProfessionalComplexFixed - INFO - 🔄 市场状态变更: RANGING -> VOLATILE (置信度: 1.00)
20:38:38 - ProfessionalComplexFixed - INFO - 🔄 市场状态变更: VOLATILE -> RANGING (置信度: 1.00)
20:38:39 - ProfessionalComplexFixed - INFO - 🔄 市场状态变更: RANGING -> VOLATILE (置信度: 1.00)
20:38:40 - ProfessionalComplexFixed - INFO - 🔄 市场状态变更: VOLATILE -> RANGING (置信度: 1.00)
20:38:41 - ProfessionalComplexFixed - INFO - 🔄 市场状态变更: RANGING -> VOLATILE (置信度: 1.00)
20:38:46 - ProfessionalComplexFixed - INFO - 🔄 市场状态变更: VOLATILE -> RANGING (置信度: 1.00)
20:38:47 - ProfessionalComplexFixed - INFO - 🔄 市场状态变更: RANGING -> VOLATILE (置信度: 1.00)
20:38:53 - ProfessionalComplexFixed - INFO - 🔄 市场状态变更: VOLATILE -> RANGING (置信度: 1.00)
20:38:54 - ProfessionalComplexFixed - INFO - 🔄 市场状态变更: RANGING -> VOLATILE (置信度: 1.00)
20:39:02 - ProfessionalComplexFixed - INFO - 🔄 市场状态变更: VOLATILE -> RANGING (置信度: 1.00)
20:39:03 - ProfessionalComplexFixed - INFO - 🔄 市场状态变更: RANGING -> VOLATILE (置信度: 1.00)
20:39:04 - ProfessionalComplexFixed - INFO - 🔄 市场状态变更: VOLATILE -> RANGING (置信度: 1.00)
20:39:05 - ProfessionalComplexFixed - INFO - 🔄 市场状态变更: RANGING -> VOLATILE (置信度: 1.00)
20:39:17 - ProfessionalComplexFixed - INFO - 🔄 市场状态变更: VOLATILE -> RANGING (置信度: 1.00)
20:39:18 - ProfessionalComplexFixed - INFO - 🔄 市场状态变更: RANGING -> VOLATILE (置信度: 1.00)
20:39:20 - ProfessionalComplexFixed - INFO - 🔄 市场状态变更: VOLATILE -> RANGING (置信度: 1.00)
20:39:21 - ProfessionalComplexFixed - INFO - 🔄 市场状态变更: RANGING -> VOLATILE (置信度: 1.00)
20:39:29 - ProfessionalComplexFixed - INFO - 🔄 市场状态变更: VOLATILE -> RANGING (置信度: 1.00)
20:39:31 - ProfessionalComplexFixed - INFO - 🔄 市场状态变更: RANGING -> VOLATILE (置信度: 1.00)
20:39:42 - ProfessionalComplexFixed - INFO - 🔄 市场状态变更: VOLATILE -> RANGING (置信度: 1.00)
20:39:43 - ProfessionalComplexFixed - INFO - 🔄 市场状态变更: RANGING -> VOLATILE (置信度: 1.00)
20:39:48 - ProfessionalComplexFixed - INFO - 🔄 市场状态变更: VOLATILE -> RANGING (置信度: 1.00)
20:39:49 - ProfessionalComplexFixed - INFO - 🔄 市场状态变更: RANGING -> VOLATILE (置信度: 1.00)
20:40:10 - ProfessionalComplexFixed - INFO - 🔄 市场状态变更: VOLATILE -> RANGING (置信度: 1.00)
20:40:11 - ProfessionalComplexFixed - INFO - 🔄 市场状态变更: RANGING -> VOLATILE (置信度: 1.00)
20:40:17 - ProfessionalComplexFixed - INFO - 🔄 市场状态变更: VOLATILE -> RANGING (置信度: 1.00)
20:40:19 - ProfessionalComplexFixed - INFO - 🔄 市场状态变更: RANGING -> VOLATILE (置信度: 1.00)
20:40:21 - ProfessionalComplexFixed - INFO - 🔄 市场状态变更: VOLATILE -> RANGING (置信度: 1.00)
20:40:22 - ProfessionalComplexFixed - INFO - 🔄 市场状态变更: RANGING -> VOLATILE (置信度: 1.00)
20:40:41 - ProfessionalComplexFixed - INFO - 🔄 市场状态变更: VOLATILE -> RANGING (置信度: 1.00)
20:40:42 - ProfessionalComplexFixed - INFO - 🔄 市场状态变更: RANGING -> VOLATILE (置信度: 1.00)
20:40:45 - ProfessionalComplexFixed - INFO - 🔄 市场状态变更: VOLATILE -> RANGING (置信度: 1.00)
20:40:48 - ProfessionalComplexFixed - INFO - 🔄 市场状态变更: RANGING -> VOLATILE (置信度: 1.00)
20:40:50 - ProfessionalComplexFixed - INFO - 🔄 市场状态变更: VOLATILE -> RANGING (置信度: 1.00)
20:40:52 - ProfessionalComplexFixed - INFO - 🔄 市场状态变更: RANGING -> VOLATILE (置信度: 1.00)
20:40:53 - ProfessionalComplexFixed - INFO - 🔄 市场状态变更: VOLATILE -> RANGING (置信度: 1.00)
20:40:54 - ProfessionalComplexFixed - INFO - 🔄 市场状态变更: RANGING -> VOLATILE (置信度: 1.00)
20:40:56 - ProfessionalComplexFixed - INFO - 🔄 市场状态变更: VOLATILE -> RANGING (置信度: 1.00)
20:41:05 - ProfessionalComplexFixed - INFO - 🔄 市场状态变更: RANGING -> VOLATILE (置信度: 1.00)
20:41:28 - ProfessionalComplexFixed - INFO - 🔄 市场状态变更: VOLATILE -> RANGING (置信度: 1.00)
20:41:30 - ProfessionalComplexFixed - INFO - 🔄 市场状态变更: RANGING -> VOLATILE (置信度: 1.00)
20:42:22 - ProfessionalComplexFixed - INFO - 🔄 市场状态变更: VOLATILE -> RANGING (置信度: 1.00)
20:42:23 - ProfessionalComplexFixed - INFO - 🔄 市场状态变更: RANGING -> VOLATILE (置信度: 1.00)
20:42:26 - ProfessionalComplexFixed - INFO - 🔄 市场状态变更: VOLATILE -> RANGING (置信度: 1.00)
20:42:27 - ProfessionalComplexFixed - INFO - 🔄 市场状态变更: RANGING -> VOLATILE (置信度: 1.00)
20:42:28 - ProfessionalComplexFixed - INFO - 🔄 市场状态变更: VOLATILE -> RANGING (置信度: 1.00)
20:42:29 - ProfessionalComplexFixed - INFO - 🔄 市场状态变更: RANGING -> VOLATILE (置信度: 1.00)
20:42:46 - ProfessionalComplexFixed - INFO - 🔄 市场状态变更: VOLATILE -> RANGING (置信度: 1.00)
20:42:49 - ProfessionalComplexFixed - INFO - 🔄 市场状态变更: RANGING -> VOLATILE (置信度: 1.00)
20:43:05 - ProfessionalComplexFixed - INFO - 🔄 市场状态变更: VOLATILE -> RANGING (置信度: 1.00)
20:43:06 - ProfessionalComplexFixed - INFO - 🔄 市场状态变更: RANGING -> VOLATILE (置信度: 1.00)
20:43:08 - ProfessionalComplexFixed - INFO - 🔄 市场状态变更: VOLATILE -> RANGING (置信度: 1.00)
20:43:11 - ProfessionalComplexFixed - INFO - 🔄 市场状态变更: RANGING -> VOLATILE (置信度: 1.00)
20:43:29 - ProfessionalComplexFixed - INFO - 🔄 市场状态变更: VOLATILE -> RANGING (置信度: 1.00)
20:43:30 - ProfessionalComplexFixed - INFO - 🔄 市场状态变更: RANGING -> VOLATILE (置信度: 1.00)
20:43:44 - ProfessionalComplexFixed - INFO - 🔄 市场状态变更: VOLATILE -> RANGING (置信度: 1.00)
20:43:45 - ProfessionalComplexFixed - INFO - 🔄 市场状态变更: RANGING -> VOLATILE (置信度: 1.00)
20:43:49 - ProfessionalComplexFixed - INFO - 🔄 市场状态变更: VOLATILE -> RANGING (置信度: 1.00)
20:43:51 - ProfessionalComplexFixed - INFO - 🔄 市场状态变更: RANGING -> VOLATILE (置信度: 1.00)
20:44:18 - ProfessionalComplexFixed - INFO - 🔄 市场状态变更: VOLATILE -> RANGING (置信度: 1.00)
20:44:19 - ProfessionalComplexFixed - INFO - 🔄 市场状态变更: RANGING -> VOLATILE (置信度: 1.00)
20:44:20 - ProfessionalComplexFixed - INFO - 🔄 市场状态变更: VOLATILE -> RANGING (置信度: 1.00)
20:44:31 - ProfessionalComplexFixed - INFO - 🔄 市场状态变更: RANGING -> VOLATILE (置信度: 1.00)
20:44:50 - ProfessionalComplexFixed - INFO - 🔄 市场状态变更: VOLATILE -> RANGING (置信度: 1.00)
20:44:51 - ProfessionalComplexFixed - INFO - 🔄 市场状态变更: RANGING -> VOLATILE (置信度: 1.00)
20:44:54 - ProfessionalComplexFixed - INFO - 🔄 市场状态变更: VOLATILE -> RANGING (置信度: 1.00)
20:44:55 - ProfessionalComplexFixed - INFO - 🔄 市场状态变更: RANGING -> VOLATILE (置信度: 1.00)
20:45:14 - ProfessionalComplexFixed - INFO - 🔄 市场状态变更: VOLATILE -> RANGING (置信度: 1.00)
20:45:15 - ProfessionalComplexFixed - INFO - 🔄 市场状态变更: RANGING -> VOLATILE (置信度: 1.00)
20:45:18 - ProfessionalComplexFixed - INFO - 🔄 市场状态变更: VOLATILE -> RANGING (置信度: 1.00)
20:45:22 - ProfessionalComplexFixed - INFO - 🔄 市场状态变更: RANGING -> VOLATILE (置信度: 1.00)
20:45:24 - ProfessionalComplexFixed - INFO - 🔄 市场状态变更: VOLATILE -> RANGING (置信度: 1.00)
20:45:25 - ProfessionalComplexFixed - INFO - 🔄 市场状态变更: RANGING -> VOLATILE (置信度: 1.00)
20:45:36 - ProfessionalComplexFixed - INFO - 🔄 市场状态变更: VOLATILE -> RANGING (置信度: 1.00)
20:45:38 - ProfessionalComplexFixed - INFO - 🔄 市场状态变更: RANGING -> VOLATILE (置信度: 1.00)
20:45:57 - ProfessionalComplexFixed - INFO - 🔄 市场状态变更: VOLATILE -> RANGING (置信度: 1.00)
20:45:59 - ProfessionalComplexFixed - INFO - 🔄 市场状态变更: RANGING -> VOLATILE (置信度: 1.00)
20:46:03 - ProfessionalComplexFixed - INFO - 🔄 市场状态变更: VOLATILE -> RANGING (置信度: 1.00)
20:46:05 - ProfessionalComplexFixed - INFO - 🔄 市场状态变更: RANGING -> VOLATILE (置信度: 1.00)
20:46:06 - ProfessionalComplexFixed - INFO - 🔄 市场状态变更: VOLATILE -> RANGING (置信度: 1.00)
20:46:07 - ProfessionalComplexFixed - INFO - 🔄 市场状态变更: RANGING -> VOLATILE (置信度: 1.00)
20:46:09 - ProfessionalComplexFixed - INFO - 🔄 市场状态变更: VOLATILE -> RANGING (置信度: 1.00)
20:46:14 - ProfessionalComplexFixed - INFO - 🔄 市场状态变更: RANGING -> VOLATILE (置信度: 1.00)
20:46:24 - ProfessionalComplexFixed - INFO - 🔄 市场状态变更: VOLATILE -> RANGING (置信度: 1.00)
20:46:25 - ProfessionalComplexFixed - INFO - 🔄 市场状态变更: RANGING -> VOLATILE (置信度: 1.00)
20:46:27 - ProfessionalComplexFixed - INFO - 🔄 市场状态变更: VOLATILE -> RANGING (置信度: 1.00)
20:46:28 - ProfessionalComplexFixed - INFO - 🔄 市场状态变更: RANGING -> VOLATILE (置信度: 1.00)
20:47:19 - ProfessionalComplexFixed - INFO - 🔄 市场状态变更: VOLATILE -> RANGING (置信度: 1.00)
20:47:20 - ProfessionalComplexFixed - INFO - 🔄 市场状态变更: RANGING -> VOLATILE (置信度: 1.00)
20:47:32 - ProfessionalComplexFixed - INFO - 🔄 市场状态变更: VOLATILE -> RANGING (置信度: 1.00)
20:47:33 - ProfessionalComplexFixed - INFO - 🔄 市场状态变更: RANGING -> VOLATILE (置信度: 1.00)
20:48:00 - ProfessionalComplexFixed - INFO - 🔄 市场状态变更: VOLATILE -> RANGING (置信度: 1.00)
20:48:01 - ProfessionalComplexFixed - INFO - 🔄 市场状态变更: RANGING -> VOLATILE (置信度: 1.00)
20:48:04 - ProfessionalComplexFixed - INFO - 🔄 市场状态变更: VOLATILE -> RANGING (置信度: 1.00)
20:48:05 - ProfessionalComplexFixed - INFO - 🔄 市场状态变更: RANGING -> VOLATILE (置信度: 1.00)
20:48:28 - ProfessionalComplexFixed - INFO - 🔄 市场状态变更: VOLATILE -> RANGING (置信度: 1.00)
20:48:29 - ProfessionalComplexFixed - INFO - 🔄 市场状态变更: RANGING -> VOLATILE (置信度: 1.00)
20:48:31 - ProfessionalComplexFixed - INFO - 🔄 市场状态变更: VOLATILE -> RANGING (置信度: 1.00)
20:48:33 - ProfessionalComplexFixed - INFO - 🔄 市场状态变更: RANGING -> VOLATILE (置信度: 1.00)
20:48:38 - ProfessionalComplexFixed - INFO - 🔄 市场状态变更: VOLATILE -> RANGING (置信度: 1.00)
20:48:39 - ProfessionalComplexFixed - INFO - 🔄 市场状态变更: RANGING -> VOLATILE (置信度: 1.00)
20:48:57 - ProfessionalComplexFixed - INFO - 🔄 市场状态变更: VOLATILE -> RANGING (置信度: 1.00)
20:48:58 - ProfessionalComplexFixed - INFO - 🔄 市场状态变更: RANGING -> VOLATILE (置信度: 1.00)
20:49:07 - ProfessionalComplexFixed - INFO - 🔄 市场状态变更: VOLATILE -> RANGING (置信度: 1.00)
20:49:08 - ProfessionalComplexFixed - INFO - 🔄 市场状态变更: RANGING -> VOLATILE (置信度: 1.00)
20:50:00 - ProfessionalComplexFixed - INFO - 🔄 市场状态变更: VOLATILE -> RANGING (置信度: 1.00)
20:50:01 - ProfessionalComplexFixed - INFO - 🔄 市场状态变更: RANGING -> VOLATILE (置信度: 1.00)
20:50:28 - ProfessionalComplexFixed - INFO - 🔄 市场状态变更: VOLATILE -> RANGING (置信度: 1.00)
20:50:29 - ProfessionalComplexFixed - INFO - 🔄 市场状态变更: RANGING -> VOLATILE (置信度: 1.00)
20:51:17 - ProfessionalComplexFixed - INFO - 🔄 市场状态变更: VOLATILE -> RANGING (置信度: 1.00)
20:51:18 - ProfessionalComplexFixed - INFO - 🔄 市场状态变更: RANGING -> VOLATILE (置信度: 1.00)
20:51:37 - ProfessionalComplexFixed - INFO - 🔄 市场状态变更: VOLATILE -> RANGING (置信度: 1.00)
20:51:39 - ProfessionalComplexFixed - INFO - 🔄 市场状态变更: RANGING -> VOLATILE (置信度: 1.00)
20:52:10 - ProfessionalComplexFixed - INFO - 🔄 市场状态变更: VOLATILE -> RANGING (置信度: 1.00)
20:52:11 - ProfessionalComplexFixed - INFO - 🔄 市场状态变更: RANGING -> VOLATILE (置信度: 1.00)
20:52:33 - ProfessionalComplexFixed - INFO - 🔄 市场状态变更: VOLATILE -> RANGING (置信度: 1.00)
20:52:34 - ProfessionalComplexFixed - INFO - 🔄 市场状态变更: RANGING -> VOLATILE (置信度: 1.00)
20:56:02 - ProfessionalComplexFixed - INFO - 🔄 市场状态变更: VOLATILE -> RANGING (置信度: 1.00)
20:56:04 - ProfessionalComplexFixed - INFO - 🔄 市场状态变更: RANGING -> VOLATILE (置信度: 1.00)
20:56:10 - ProfessionalComplexFixed - INFO - 🔄 市场状态变更: VOLATILE -> RANGING (置信度: 1.00)
20:56:11 - ProfessionalComplexFixed - INFO - 🔄 市场状态变更: RANGING -> VOLATILE (置信度: 1.00)
20:57:25 - ProfessionalComplexFixed - INFO - 🔄 市场状态变更: VOLATILE -> RANGING (置信度: 1.00)
20:57:26 - ProfessionalComplexFixed - INFO - 🔄 市场状态变更: RANGING -> VOLATILE (置信度: 1.00)
20:57:57 - ProfessionalComplexFixed - INFO - 🔄 市场状态变更: VOLATILE -> RANGING (置信度: 1.00)
20:57:58 - ProfessionalComplexFixed - INFO - 🔄 市场状态变更: RANGING -> VOLATILE (置信度: 1.00)
20:58:18 - ProfessionalComplexFixed - INFO - 🔄 市场状态变更: VOLATILE -> RANGING (置信度: 1.00)
20:58:19 - ProfessionalComplexFixed - INFO - 🔄 市场状态变更: RANGING -> VOLATILE (置信度: 1.00)
20:58:20 - ProfessionalComplexFixed - INFO - 🔄 市场状态变更: VOLATILE -> RANGING (置信度: 1.00)
20:58:21 - ProfessionalComplexFixed - INFO - 🔄 市场状态变更: RANGING -> VOLATILE (置信度: 1.00)
20:58:53 - ProfessionalComplexFixed - INFO - 🔄 市场状态变更: VOLATILE -> RANGING (置信度: 1.00)
20:58:54 - ProfessionalComplexFixed - INFO - 🔄 市场状态变更: RANGING -> VOLATILE (置信度: 1.00)
20:59:16 - ProfessionalComplexFixed - INFO - 🔄 市场状态变更: VOLATILE -> RANGING (置信度: 1.00)
20:59:17 - ProfessionalComplexFixed - INFO - 🔄 市场状态变更: RANGING -> VOLATILE (置信度: 1.00)
21:03:54 - ProfessionalComplexFixed - INFO - 🔄 市场状态变更: VOLATILE -> RANGING (置信度: 1.00)
21:03:55 - ProfessionalComplexFixed - INFO - 🔄 市场状态变更: RANGING -> VOLATILE (置信度: 1.00)
21:05:41 - ProfessionalComplexFixed - INFO - 🔄 市场状态变更: VOLATILE -> RANGING (置信度: 1.00)
21:05:42 - ProfessionalComplexFixed - INFO - 🔄 市场状态变更: RANGING -> VOLATILE (置信度: 1.00)
21:07:31 - ProfessionalComplexFixed - INFO - 🔄 市场状态变更: VOLATILE -> RANGING (置信度: 1.00)
21:07:32 - ProfessionalComplexFixed - INFO - 🔄 市场状态变更: RANGING -> VOLATILE (置信度: 1.00)
21:11:19 - ProfessionalComplexFixed - INFO - 🔄 市场状态变更: VOLATILE -> RANGING (置信度: 1.00)
21:11:20 - ProfessionalComplexFixed - INFO - 🔄 市场状态变更: RANGING -> VOLATILE (置信度: 1.00)
21:11:44 - ProfessionalComplexFixed - INFO - 🔄 市场状态变更: VOLATILE -> RANGING (置信度: 1.00)
21:11:45 - ProfessionalComplexFixed - INFO - 🔄 市场状态变更: RANGING -> VOLATILE (置信度: 1.00)
21:11:47 - ProfessionalComplexFixed - INFO - 🔄 市场状态变更: VOLATILE -> RANGING (置信度: 1.00)
21:11:48 - ProfessionalComplexFixed - INFO - 🔄 市场状态变更: RANGING -> VOLATILE (置信度: 1.00)
21:12:24 - ProfessionalComplexFixed - INFO - 🔄 市场状态变更: VOLATILE -> RANGING (置信度: 1.00)
21:12:25 - ProfessionalComplexFixed - INFO - 🔄 市场状态变更: RANGING -> VOLATILE (置信度: 1.00)
21:13:44 - ProfessionalComplexFixed - INFO - 🔄 市场状态变更: VOLATILE -> RANGING (置信度: 1.00)
21:13:45 - ProfessionalComplexFixed - INFO - 🔄 市场状态变更: RANGING -> VOLATILE (置信度: 1.00)
21:14:06 - ProfessionalComplexFixed - INFO - 🔄 市场状态变更: VOLATILE -> RANGING (置信度: 1.00)
21:14:07 - ProfessionalComplexFixed - INFO - 🔄 市场状态变更: RANGING -> VOLATILE (置信度: 1.00)
21:14:24 - ProfessionalComplexFixed - INFO - 🔄 市场状态变更: VOLATILE -> RANGING (置信度: 1.00)
21:14:25 - ProfessionalComplexFixed - INFO - 🔄 市场状态变更: RANGING -> VOLATILE (置信度: 1.00)
21:15:47 - ProfessionalComplexFixed - INFO - 🔄 市场状态变更: VOLATILE -> RANGING (置信度: 1.00)
21:15:48 - ProfessionalComplexFixed - INFO - 🔄 市场状态变更: RANGING -> VOLATILE (置信度: 1.00)
21:16:00 - ProfessionalComplexFixed - INFO - 🔄 市场状态变更: VOLATILE -> RANGING (置信度: 1.00)
21:16:01 - ProfessionalComplexFixed - INFO - 🔄 市场状态变更: RANGING -> VOLATILE (置信度: 1.00)
21:17:27 - ProfessionalComplexFixed - INFO - 🔄 市场状态变更: VOLATILE -> RANGING (置信度: 1.00)
21:17:29 - ProfessionalComplexFixed - INFO - 🔄 市场状态变更: RANGING -> VOLATILE (置信度: 1.00)
21:19:57 - ProfessionalComplexFixed - INFO - 🔄 市场状态变更: VOLATILE -> RANGING (置信度: 1.00)
21:19:58 - ProfessionalComplexFixed - INFO - 🔄 市场状态变更: RANGING -> VOLATILE (置信度: 1.00)
21:23:02 - ProfessionalComplexFixed - INFO - 🔄 市场状态变更: VOLATILE -> RANGING (置信度: 1.00)
21:23:03 - ProfessionalComplexFixed - INFO - 🔄 市场状态变更: RANGING -> VOLATILE (置信度: 1.00)
21:23:18 - ProfessionalComplexFixed - INFO - 🔄 市场状态变更: VOLATILE -> RANGING (置信度: 1.00)
21:23:19 - ProfessionalComplexFixed - INFO - 🔄 市场状态变更: RANGING -> VOLATILE (置信度: 1.00)
21:23:37 - ProfessionalComplexFixed - INFO - 🔄 市场状态变更: VOLATILE -> RANGING (置信度: 1.00)
21:23:38 - ProfessionalComplexFixed - INFO - 🔄 市场状态变更: RANGING -> VOLATILE (置信度: 1.00)
21:24:34 - ProfessionalComplexFixed - INFO - 🔄 市场状态变更: VOLATILE -> RANGING (置信度: 1.00)
21:24:35 - ProfessionalComplexFixed - INFO - 🔄 市场状态变更: RANGING -> VOLATILE (置信度: 1.00)
21:26:17 - ProfessionalComplexFixed - INFO - 🔄 市场状态变更: VOLATILE -> RANGING (置信度: 1.00)
21:26:18 - ProfessionalComplexFixed - INFO - 🔄 市场状态变更: RANGING -> VOLATILE (置信度: 1.00)
21:28:29 - ProfessionalComplexFixed - INFO - 🔄 市场状态变更: VOLATILE -> RANGING (置信度: 1.00)
21:28:30 - ProfessionalComplexFixed - INFO - 🔄 市场状态变更: RANGING -> VOLATILE (置信度: 1.00)
21:28:39 - ProfessionalComplexFixed - INFO - 🔄 市场状态变更: VOLATILE -> RANGING (置信度: 1.00)
21:28:40 - ProfessionalComplexFixed - INFO - 🔄 市场状态变更: RANGING -> VOLATILE (置信度: 1.00)
21:30:41 - ProfessionalComplexFixed - INFO - 🔄 市场状态变更: VOLATILE -> RANGING (置信度: 1.00)
21:30:43 - ProfessionalComplexFixed - INFO - 🔄 市场状态变更: RANGING -> VOLATILE (置信度: 1.00)
21:32:50 - ProfessionalComplexFixed - INFO - 🔄 市场状态变更: VOLATILE -> RANGING (置信度: 1.00)
